65.81,66.39,66.55,64.96,65.5,65.95,65.75,66.23,66.55,66,66.57,65.7,66.43,66.69,66.41,65.36,67.45,66.61,66.91,67.67,66.12,66.48,66.52,66.99,67.08,66.91,65.83,65.06,66.7,59.73,66.77,66.41,65.78,66.88,66.15,65.68,67.58,66.23,66.97,66.67,66.53,66.53,66.12,66.12,67.35,59.3,66.62,66.26
65.81,66.39,66.55,64.96,65.5,66.13,65.75,66.23,66.55,66,66.57,65.7,66.43,66.69,66.41,65.36,67.45,66.61,66.91,67.67,66.12,66.48,66.52,66.99,66.9,66.91,65.83,65.06,66.7,59.73,66.59,66.41,65.78,66.88,66.15,65.68,67.58,66.23,66.97,66.67,66.53,66.53,66.12,66.12,67.35,59.3,66.62,66.26
65.63,66.39,66.55,64.96,65.5,66.13,65.75,66.23,66.55,66,66.57,65.7,66.43,66.69,66.41,65.36,67.45,66.61,66.91,67.67,66.12,66.48,66.52,66.81,66.9,66.91,65.83,65.06,66.7,59.73,66.59,66.41,65.78,66.88,66.15,65.68,67.58,66.23,66.97,66.67,66.53,66.53,66.12,66.12,67.35,59.3,66.62,66.26
65.63,66.39,66.55,64.96,65.5,65.95,65.75,66.23,66.55,66,66.57,65.7,66.43,66.69,66.41,65.36,67.45,66.61,66.73,67.67,66.12,66.48,66.52,66.99,67.08,66.73,65.83,65.06,66.7,59.73,66.59,66.41,65.78,66.88,66.15,65.68,67.58,66.23,66.97,66.49,66.53,66.53,66.12,66.12,67.35,59.3,66.62,66.26
65.63,66.39,66.55,64.96,65.5,65.95,65.75,66.23,66.55,66,66.57,65.7,66.43,66.69,66.41,65.36,67.45,66.43,66.73,67.67,66.12,66.48,66.34,66.81,66.9,66.73,65.83,65.06,66.7,59.73,66.59,66.41,65.78,66.88,66.15,65.68,67.58,66.23,66.97,66.67,66.53,66.53,66.12,66.12,67.35,59.3,66.62,66.26
65.63,66.39,66.55,64.96,65.5,66.13,65.75,66.23,66.55,66,66.39,65.7,66.43,66.69,66.23,65.36,67.45,66.43,66.73,67.67,66.12,66.48,66.52,66.81,66.9,66.73,65.83,65.06,66.7,59.73,66.59,66.41,65.78,66.88,66.15,65.68,67.58,66.23,66.97,66.49,66.53,66.53,66.12,66.12,67.35,59.3,66.62,66.26
65.63,66.39,66.55,64.96,65.5,65.95,65.75,66.23,66.55,66,66.39,65.7,66.43,66.69,66.41,65.36,67.45,66.43,66.73,67.67,66.12,66.48,66.52,66.81,66.9,66.73,65.83,65.06,66.7,59.73,66.59,66.41,65.78,66.88,66.15,65.68,67.58,66.23,66.97,66.49,66.53,66.53,66.12,66.12,67.35,59.3,66.62,66.26
65.63,66.57,66.55,64.96,65.5,65.95,65.75,66.23,66.55,66,66.39,65.7,66.43,66.69,66.23,65.36,67.45,66.43,66.73,67.67,66.12,66.48,66.52,66.81,66.9,66.73,65.83,65.06,66.7,59.73,66.59,66.41,65.78,66.88,66.15,65.68,67.4,66.23,66.97,66.49,66.53,66.53,66.12,66.12,67.35,59.12,66.62,66.26
65.63,66.57,66.55,64.96,65.5,65.95,65.75,66.23,66.55,66,66.39,65.7,66.43,66.69,66.23,65.36,67.45,66.43,66.73,67.67,66.12,66.48,66.52,66.81,66.9,66.73,65.83,65.06,66.7,59.55,66.59,66.41,65.78,66.88,66.15,65.68,67.4,66.23,66.97,66.49,66.53,66.53,66.12,66.12,67.35,59.12,66.62,66.26
65.63,66.57,66.55,64.96,65.5,65.95,65.75,66.23,66.55,66,66.57,65.7,66.43,66.69,66.23,65.36,67.45,66.43,66.73,67.67,66.12,66.48,66.52,66.81,66.9,66.73,65.83,65.06,66.7,59.55,66.59,66.41,65.78,66.88,66.15,65.68,67.58,66.23,66.97,66.49,66.53,66.53,66.12,66.12,67.35,59.12,66.62,66.26
65.63,66.57,66.55,64.96,65.5,66.13,65.75,66.23,66.55,66,66.39,65.7,66.43,66.69,66.23,65.36,67.45,66.43,66.73,67.67,66.3,66.48,66.52,66.99,66.9,66.73,65.83,65.06,66.7,59.55,66.77,66.41,65.78,66.88,66.15,65.68,67.4,66.23,66.97,66.49,66.53,66.53,66.12,66.12,67.35,59.12,66.62,66.26
65.63,66.57,66.55,64.96,65.5,65.95,65.75,66.23,66.55,66,66.57,65.7,66.43,66.69,66.23,65.36,67.45,66.43,66.73,67.67,66.12,66.48,66.52,66.81,66.9,66.73,65.83,65.06,66.53,59.55,66.59,66.41,65.78,66.88,66.15,65.68,67.4,66.23,66.97,66.49,66.53,66.53,66.12,66.12,67.35,59.12,66.62,66.26
65.63,66.57,66.55,64.96,65.5,66.13,65.75,66.23,66.55,66,66.57,65.7,66.43,66.69,66.23,65.54,67.27,66.43,66.73,67.67,66.3,66.48,66.52,66.81,66.9,66.73,65.83,65.06,66.53,59.55,66.77,66.41,65.78,66.88,66.15,65.68,67.4,66.05,66.97,66.49,66.53,66.53,66.12,66.12,67.35,59.12,66.8,66.26
65.63,66.57,66.55,64.96,65.5,66.13,65.75,66.23,66.55,66,66.57,65.7,66.43,66.69,66.23,65.36,67.27,66.43,66.73,67.67,66.12,66.48,66.52,66.81,66.9,66.73,65.83,65.06,66.7,59.55,66.77,66.41,65.78,66.88,66.15,65.68,67.4,66.23,66.97,66.49,66.53,66.53,66.12,66.12,67.35,59.12,66.8,66.26
65.63,66.57,66.55,64.96,65.5,66.13,65.75,66.23,66.55,66,66.57,65.7,66.43,66.69,66.23,65.36,67.45,66.43,66.73,67.67,66.3,66.48,66.52,66.81,66.9,66.73,65.83,65.06,66.53,59.55,66.77,66.41,65.78,66.88,66.15,65.68,67.4,66.23,66.97,66.49,66.53,66.53,66.12,66.12,67.35,59.12,66.8,66.26
65.63,66.57,66.55,64.96,65.5,66.13,65.75,66.23,66.55,66,66.57,65.7,66.43,66.69,66.23,65.36,67.27,66.43,66.73,67.67,66.3,66.48,66.52,66.99,66.9,66.73,65.83,65.06,66.53,59.55,66.77,66.41,65.78,66.88,66.15,65.68,67.4,66.23,66.97,66.49,66.53,66.53,65.94,66.12,67.35,59.12,66.8,66.26
65.63,66.57,66.55,64.96,65.5,66.13,65.75,66.23,66.55,66,66.57,65.7,66.43,66.69,66.23,65.36,67.27,66.43,66.73,67.67,66.3,66.48,66.34,66.81,66.9,66.73,65.83,65.06,66.53,59.55,66.77,66.41,65.78,66.88,66.15,65.68,67.4,66.23,66.97,66.49,66.53,66.53,65.94,66.12,67.35,59.12,66.8,66.26
65.63,66.57,66.55,64.96,65.5,66.13,65.75,66.23,66.55,66,66.57,65.7,66.43,66.69,66.23,65.36,67.27,66.43,66.73,67.67,66.3,66.48,66.52,66.99,66.9,66.73,65.83,65.06,66.53,59.55,66.77,66.41,65.78,66.88,66.15,65.68,67.4,66.23,66.97,66.49,66.53,66.53,65.94,66.12,67.35,59.12,66.8,66.26
65.63,66.57,66.55,64.96,65.5,66.13,65.75,66.23,66.55,66,66.57,65.7,66.61,66.69,66.23,65.54,67.27,66.43,66.73,67.67,66.3,66.48,66.52,66.81,66.9,66.73,65.83,65.06,66.53,59.55,66.77,66.41,65.78,66.88,66.15,65.68,67.4,66.05,66.97,66.49,66.53,66.53,66.12,66.12,67.17,59.12,66.8,66.26
65.63,66.57,66.55,64.96,65.5,66.13,65.75,66.23,66.55,66,66.57,65.88,66.43,66.69,66.23,65.36,67.27,66.43,66.73,67.67,66.3,66.48,66.52,66.81,66.9,66.73,66.01,65.06,66.53,59.55,66.77,66.41,65.78,66.88,66.15,65.68,67.4,66.05,66.97,66.49,66.53,66.53,66.12,66.12,67.35,59.12,66.8,66.26
65.63,66.57,66.55,64.96,65.5,66.13,65.75,66.23,66.55,66,66.57,65.88,66.61,66.69,66.23,65.36,67.27,66.61,66.73,67.67,66.3,66.48,66.52,66.81,66.9,66.73,66.01,65.06,66.53,59.55,66.77,66.59,65.78,66.88,66.15,65.68,67.4,66.05,66.97,66.49,66.53,66.53,66.12,66.12,67.35,59.12,66.8,66.26
65.63,66.57,66.55,64.96,65.5,66.13,65.75,66.23,66.55,66,66.57,65.7,66.43,66.69,66.23,65.36,67.27,66.61,66.73,67.67,66.3,66.48,66.52,66.81,66.9,66.73,66.01,65.06,66.53,59.55,66.77,66.59,65.78,67.06,66.15,65.85,67.4,66.05,66.97,66.49,66.71,66.53,66.12,66.12,67.17,59.12,66.8,66.26
65.63,66.57,66.55,64.96,65.5,66.13,65.93,66.23,66.55,66,66.57,65.7,66.61,66.69,66.23,65.36,67.27,66.61,66.73,67.67,66.3,66.48,66.52,66.81,66.9,66.73,66.01,65.06,66.53,59.55,66.77,66.41,65.95,67.06,66.15,65.68,67.4,66.05,66.97,66.49,66.71,66.53,66.12,66.3,67.17,59.12,66.8,66.26
65.63,66.57,66.55,64.96,65.5,66.13,65.75,66.23,66.55,66,66.57,65.88,66.61,66.69,66.23,65.54,67.27,66.61,66.73,67.67,66.3,66.48,66.52,66.81,66.9,66.73,66.01,65.06,66.53,59.55,66.77,66.59,65.95,67.06,66.15,65.85,67.4,66.05,66.97,66.49,66.53,66.53,66.12,66.12,67.35,59.12,66.8,66.26
65.63,66.57,66.55,64.96,65.5,66.13,65.75,66.23,66.55,66,66.57,65.88,66.61,66.69,66.23,65.54,67.27,66.61,66.73,67.67,66.3,66.48,66.52,66.81,66.9,66.73,66.01,65.06,66.53,59.55,66.77,66.59,65.95,66.88,66.15,65.85,67.4,66.05,66.97,66.49,66.71,66.53,66.12,66.3,67.35,59.12,66.8,66.26
65.63,66.57,66.55,64.96,65.5,66.13,65.93,66.23,66.55,66,66.57,65.88,66.61,66.69,66.23,65.54,67.27,66.61,66.73,67.67,66.3,66.48,66.52,66.81,66.9,66.73,66.01,65.06,66.53,59.55,66.77,66.59,65.95,67.06,66.15,65.85,67.4,66.05,66.97,66.49,66.71,66.53,66.12,66.3,67.35,59.12,66.8,66.44
65.63,66.57,66.55,64.96,65.5,66.13,65.93,66.23,66.55,66,66.57,65.88,66.61,66.69,66.23,65.54,67.27,66.61,66.73,67.67,66.3,66.48,66.52,66.81,66.9,66.73,66.01,65.06,66.53,59.55,66.77,66.59,65.95,67.06,66.15,65.85,67.4,66.05,66.97,66.49,66.71,66.53,66.12,66.3,67.35,59.12,66.98,66.26
65.63,66.57,66.55,64.96,65.5,66.31,65.93,66.23,66.55,66,66.57,65.88,66.43,66.69,66.23,65.54,67.27,66.79,66.73,67.67,66.3,66.48,66.52,66.81,66.9,66.73,66.01,65.06,66.53,59.55,66.77,66.59,65.95,67.06,66.15,65.85,67.4,66.05,66.97,66.49,66.71,66.53,66.12,66.3,67.35,59.12,66.98,66.44
65.63,66.57,66.55,64.96,65.5,66.13,65.93,66.23,66.55,66,66.75,65.88,66.61,66.69,66.23,65.54,67.27,66.79,66.73,67.67,66.3,66.48,66.52,66.81,66.9,66.73,66.01,65.06,66.53,59.55,66.77,66.59,65.95,67.06,66.15,65.85,67.4,66.05,66.97,66.49,66.71,66.53,66.12,66.3,67.35,59.3,66.98,66.44
65.63,66.57,66.55,64.96,65.5,66.31,65.93,66.23,66.55,66,66.75,65.88,66.61,66.69,66.23,65.54,67.27,66.79,66.73,67.67,66.48,66.48,66.52,66.81,66.9,66.73,66.01,65.06,66.53,59.55,66.77,66.59,65.95,67.06,66.15,65.85,67.4,66.05,66.97,66.49,66.71,66.53,66.12,66.3,67.35,59.12,66.98,66.44
65.63,66.57,66.55,64.96,65.5,66.31,65.93,66.23,66.55,66,66.75,65.88,66.61,66.69,66.23,65.54,67.27,66.79,66.91,67.67,66.48,66.48,66.52,66.81,66.9,66.91,66.01,65.06,66.53,59.55,66.77,66.59,65.95,66.88,66.15,65.85,67.4,66.05,66.97,66.49,66.71,66.53,66.12,66.3,67.35,59.3,66.98,66.44
65.63,66.57,66.55,64.96,65.5,66.31,65.93,66.23,66.55,66,66.75,65.88,66.61,66.69,66.23,65.54,67.27,66.79,66.73,67.67,66.3,66.48,66.52,66.99,66.9,66.73,66.01,65.06,66.53,59.55,66.77,66.59,65.95,67.06,66.15,65.85,67.4,66.05,66.97,66.49,66.71,66.53,66.12,66.3,67.35,59.12,66.98,66.44
65.63,66.57,66.55,64.96,65.5,66.31,65.93,66.23,66.55,66,66.75,65.88,66.61,66.69,66.23,65.54,67.27,66.79,66.73,67.67,66.3,66.48,66.52,66.99,66.9,66.73,66.01,65.06,66.53,59.55,66.77,66.59,65.95,66.88,66.15,65.85,67.4,66.05,66.97,66.49,66.71,66.53,66.12,66.3,67.35,59.3,66.98,66.44
65.63,66.57,66.55,64.96,65.5,66.31,65.93,66.23,66.55,66,66.75,65.88,66.43,66.69,66.23,65.54,67.27,66.97,66.91,67.67,66.48,66.48,66.52,66.99,66.9,66.91,66.01,65.06,66.53,59.55,66.77,66.59,65.95,67.06,66.33,65.85,67.4,66.05,66.97,66.49,66.71,66.71,66.12,66.3,67.35,59.3,66.98,66.44
65.63,66.57,66.55,64.96,65.5,66.31,65.93,66.23,66.55,66,66.75,65.88,66.43,66.69,66.41,65.54,67.27,66.97,66.73,67.67,66.3,66.48,66.7,66.99,66.9,66.73,66.01,65.06,66.53,59.55,66.77,66.77,65.95,66.88,66.33,65.85,67.4,66.05,66.97,66.49,66.71,66.53,66.12,66.3,67.35,59.3,66.98,66.44
65.63,66.57,66.55,64.96,65.5,66.31,65.93,66.23,66.55,66,66.75,65.88,66.43,66.69,66.23,65.54,67.27,66.97,66.73,67.67,66.48,66.48,66.7,66.99,66.9,66.91,66.01,65.24,66.53,59.55,66.77,66.77,65.95,66.88,66.33,65.85,67.4,66.23,66.97,66.49,66.71,66.71,66.12,66.3,67.35,59.3,66.98,66.44
65.63,66.57,66.55,64.96,65.5,66.49,65.93,66.41,66.55,66,66.75,65.88,66.43,66.69,66.41,65.54,67.27,66.97,66.91,67.85,66.3,66.48,66.52,66.99,66.9,66.91,66.01,65.06,66.53,59.73,66.95,66.77,65.78,67.06,66.33,66.03,67.4,66.23,67.15,66.67,66.71,66.53,66.12,66.3,67.35,59.3,66.98,66.44
65.63,66.57,66.55,64.96,65.5,66.49,65.93,66.41,66.55,66,66.75,65.88,66.43,66.69,66.41,65.54,67.27,66.97,66.91,67.67,66.3,66.48,66.7,66.99,66.9,66.91,66.01,65.24,66.7,59.73,66.77,66.77,65.95,67.06,66.33,66.03,67.4,66.23,67.15,66.67,66.71,66.53,66.12,66.3,67.35,59.3,66.98,66.44
65.63,66.57,66.55,64.96,65.5,66.49,65.93,66.41,66.55,66,66.75,65.88,66.43,66.69,66.41,65.54,67.27,66.97,66.91,67.85,66.48,66.48,66.7,66.99,66.9,66.91,66.01,65.06,66.53,59.73,66.95,66.77,65.95,67.06,66.33,66.03,67.4,66.23,67.15,66.67,66.71,66.53,66.12,66.3,67.35,59.3,66.98,66.44
65.81,66.57,66.55,64.96,65.5,66.49,65.93,66.41,66.55,66,66.75,65.88,66.43,66.69,66.41,65.54,67.27,67.15,66.91,67.85,66.48,66.48,66.7,66.99,66.9,66.73,66.01,65.24,66.7,59.73,66.95,66.77,65.78,67.06,66.33,66.03,67.4,66.23,67.15,66.67,66.71,66.53,66.3,66.3,67.35,59.3,66.98,66.44
65.63,66.57,66.55,64.96,65.5,66.49,65.93,66.41,66.55,66,66.75,65.88,66.43,66.69,66.41,65.54,67.27,67.15,66.73,67.85,66.48,66.48,66.7,66.99,66.9,66.91,66.01,65.06,66.7,59.73,66.95,66.77,65.78,67.06,66.33,66.03,67.4,66.23,67.15,66.67,66.71,66.53,66.3,66.3,67.35,59.3,66.98,66.44
65.63,66.57,66.55,64.96,65.68,66.49,65.93,66.41,66.55,66,66.75,65.88,66.43,66.69,66.41,65.54,67.27,67.15,66.91,67.85,66.48,66.48,66.7,66.99,66.9,66.91,66.01,65.06,66.7,59.73,66.77,66.77,65.78,67.06,66.33,66.03,67.4,66.23,67.15,66.67,66.71,66.53,66.3,66.48,67.35,59.3,66.98,66.44
65.81,66.57,66.55,64.96,65.5,66.49,65.93,66.41,66.55,66,66.75,65.88,66.43,66.69,66.41,65.54,67.09,67.15,66.91,67.85,66.48,66.48,66.7,66.99,66.9,66.91,66.01,65.06,66.7,59.73,66.95,66.77,65.95,67.06,66.33,66.03,67.4,66.23,67.15,66.67,66.71,66.53,66.3,66.48,67.35,59.3,66.98,66.44
65.81,66.57,66.73,65.14,65.5,66.49,65.93,66.41,66.55,66,66.75,65.88,66.43,66.69,66.41,65.54,67.27,67.15,66.91,67.85,66.48,66.48,66.7,66.99,66.9,66.91,66.01,65.24,66.7,59.73,66.77,66.77,65.95,67.06,66.33,66.03,67.4,66.23,67.15,66.67,66.71,66.53,66.3,66.48,67.35,59.3,66.98,66.44
65.63,66.57,66.73,65.14,65.68,66.49,65.93,66.41,66.55,66,66.75,65.88,66.43,66.87,66.41,65.54,67.09,67.15,66.91,67.85,66.48,66.48,66.7,66.99,66.9,66.91,66.01,65.24,66.7,59.73,66.77,66.77,65.78,67.06,66.33,66.03,67.4,66.23,67.15,66.67,66.71,66.53,66.3,66.48,67.35,59.3,66.98,66.44
65.81,66.57,66.73,64.96,65.68,66.49,65.93,66.41,66.55,66,66.75,65.88,66.43,66.87,66.41,65.54,67.09,67.15,66.91,67.67,66.48,66.48,66.7,66.99,66.9,66.91,66.01,65.24,66.7,59.73,66.95,66.77,65.95,67.06,66.33,66.03,67.4,66.23,67.15,66.67,66.71,66.53,66.3,66.48,67.35,59.3,66.98,66.44
65.81,66.57,66.73,65.14,65.68,66.31,65.93,66.41,66.55,66,66.75,65.88,66.43,66.69,66.41,65.54,67.09,67.15,66.91,67.67,66.48,66.48,66.7,66.99,66.9,66.91,66.01,65.24,66.7,59.73,66.77,66.77,65.95,67.06,66.33,66.03,67.4,66.41,67.15,66.67,66.71,66.53,66.3,66.48,67.35,59.3,66.98,66.44
65.81,66.57,66.73,65.14,65.68,66.31,65.93,66.41,66.55,66,66.75,65.88,66.43,66.87,66.41,65.54,67.09,67.15,66.91,67.85,66.48,66.48,66.7,66.99,66.9,66.91,66.01,65.24,66.7,59.73,66.77,66.77,65.95,67.06,66.33,66.03,67.4,66.23,67.15,66.67,66.71,66.53,66.3,66.48,67.35,59.3,66.98,66.44
65.81,66.57,66.73,65.14,65.68,66.31,65.93,66.41,66.55,66,66.75,65.88,66.43,66.87,66.41,65.54,67.09,67.15,66.91,67.85,66.48,66.48,66.7,66.99,66.9,66.91,66.01,65.24,66.7,59.73,66.77,66.77,65.78,67.06,66.33,66.03,67.4,66.23,67.15,66.67,66.71,66.53,66.3,66.48,67.35,59.3,66.98,66.44
65.81,66.57,66.73,65.14,65.68,66.31,65.93,66.41,66.73,66,66.75,65.88,66.43,66.87,66.41,65.54,67.09,67.15,66.91,67.85,66.48,66.48,66.7,66.99,66.9,66.91,66.01,65.24,66.7,59.73,66.95,66.77,65.78,67.06,66.33,66.03,67.4,66.41,67.33,66.67,66.71,66.53,66.3,66.48,67.35,59.3,66.98,66.44
65.81,66.57,66.73,65.14,65.68,66.31,65.93,66.41,66.73,66,66.75,66.05,66.43,66.87,66.41,65.54,67.09,67.15,66.91,67.67,66.48,66.48,66.7,66.99,66.9,66.91,66.01,65.24,66.7,59.73,66.77,66.77,65.95,67.06,66.33,66.03,67.4,66.41,67.33,66.67,66.71,66.53,66.3,66.48,67.53,59.3,66.98,66.44
65.81,66.57,66.73,65.14,65.68,66.31,65.93,66.41,66.73,66,66.75,65.88,66.43,66.87,66.41,65.54,67.27,67.15,66.91,67.85,66.48,66.48,66.7,66.99,66.9,66.91,66.01,65.24,66.7,59.73,66.95,66.77,65.78,67.06,66.33,66.03,67.4,66.41,67.33,66.67,66.71,66.53,66.3,66.48,67.35,59.3,66.98,66.44
65.81,66.57,66.73,65.14,65.68,66.31,65.93,66.41,66.73,66,66.75,65.88,66.43,66.87,66.41,65.72,67.27,67.15,66.91,67.85,66.48,66.48,66.7,66.99,66.9,66.91,66.01,65.24,66.7,59.73,66.77,66.77,65.95,67.06,66.33,66.03,67.4,66.41,67.33,66.67,66.71,66.53,66.3,66.48,67.35,59.3,66.98,66.44
65.81,66.57,66.73,65.14,65.68,66.31,65.93,66.41,66.73,66,66.75,65.88,66.43,66.87,66.41,65.54,67.09,67.15,66.91,67.85,66.48,66.48,66.7,66.99,66.9,66.91,66.01,65.24,66.7,59.73,66.77,66.77,65.78,67.06,66.33,66.03,67.4,66.41,67.33,66.67,66.71,66.53,66.3,66.48,67.35,59.3,66.98,66.44
65.81,66.57,66.73,65.14,65.68,66.31,65.93,66.41,66.73,66,66.75,66.05,66.43,66.87,66.41,65.54,67.09,67.15,66.91,67.85,66.48,66.48,66.7,66.99,66.9,66.91,66.01,65.24,66.7,59.73,66.77,66.77,65.78,67.06,66.33,66.03,67.4,66.41,67.33,66.67,66.71,66.53,66.3,66.48,67.35,59.3,67.15,66.44
65.81,66.57,66.73,65.14,65.68,66.31,65.93,66.41,66.73,66,66.75,65.88,66.61,66.87,66.41,65.54,67.09,67.15,66.91,67.85,66.48,66.48,66.7,66.99,66.9,66.91,66.01,65.24,66.7,59.73,66.77,66.77,65.95,67.06,66.33,66.03,67.4,66.41,67.33,66.67,66.71,66.53,66.3,66.48,67.53,59.3,67.15,66.44
65.81,66.57,66.73,65.14,65.68,66.31,65.93,66.41,66.55,66,66.75,65.88,66.43,66.87,66.41,65.54,67.27,67.15,66.91,67.85,66.48,66.48,66.7,66.99,66.9,66.91,66.01,65.24,66.7,59.73,66.77,66.77,65.95,67.06,66.33,65.85,67.4,66.41,67.33,66.67,66.71,66.53,66.3,66.48,67.53,59.3,67.15,66.44
65.81,66.57,66.73,65.14,65.68,66.31,65.93,66.41,66.73,66,66.75,65.88,66.43,66.87,66.59,65.54,67.09,67.15,66.91,67.85,66.48,66.48,66.7,66.99,66.9,66.91,66.01,65.24,66.7,59.73,66.77,66.77,65.78,67.06,66.33,66.03,67.4,66.41,67.33,66.67,66.71,66.53,66.3,66.48,67.53,59.3,67.15,66.44
65.81,66.57,66.73,65.14,65.68,66.49,65.93,66.41,66.73,66,66.75,65.88,66.43,66.87,66.41,65.54,67.09,67.15,66.91,67.85,66.48,66.48,66.7,66.99,66.9,66.91,66.01,65.24,66.7,59.73,66.77,66.77,65.78,67.06,66.33,66.03,67.4,66.41,67.33,66.67,66.89,66.53,66.3,66.48,67.53,59.3,67.15,66.44
65.81,66.57,66.73,65.14,65.68,66.49,65.93,66.41,66.73,66.18,66.75,65.88,66.43,66.87,66.41,65.54,67.09,67.15,66.91,67.85,66.48,66.48,66.7,66.99,66.9,66.91,66.01,65.24,66.7,59.73,66.77,66.77,65.78,67.06,66.33,65.85,67.4,66.41,67.33,66.67,66.89,66.53,66.3,66.48,67.53,59.3,67.15,66.44
65.81,66.75,66.73,65.14,65.68,66.49,65.93,66.41,66.73,66.18,66.75,65.88,66.43,66.87,66.41,65.54,67.09,67.15,66.91,67.85,66.48,66.48,66.7,66.99,66.9,66.91,66.01,65.24,66.7,59.73,66.95,66.77,65.78,67.06,66.33,66.03,67.4,66.41,67.33,66.67,66.89,66.53,66.3,66.48,67.53,59.3,67.15,66.44
65.81,66.57,66.73,65.14,65.85,66.49,65.93,66.41,66.73,66.18,66.75,66.05,66.61,66.87,66.41,65.54,67.27,67.15,66.91,67.85,66.48,66.48,66.7,66.99,66.9,66.91,66.01,65.24,66.7,59.73,66.95,66.77,65.78,67.06,66.33,65.85,67.4,66.41,67.33,66.67,66.71,66.53,66.3,66.3,67.53,59.3,67.15,66.44
65.81,66.57,66.73,65.14,65.85,66.49,65.93,66.41,66.73,66.18,66.75,65.88,66.43,66.87,66.41,65.54,67.09,67.15,66.91,67.85,66.48,66.48,66.7,66.99,66.9,66.91,66.01,65.24,66.7,59.73,66.95,66.77,65.78,67.06,66.33,65.85,67.4,66.41,67.33,66.67,66.71,66.53,66.3,66.48,67.53,59.3,67.15,66.44
65.81,66.57,66.73,65.14,65.68,66.49,65.93,66.23,66.73,66.18,66.75,65.88,66.61,66.87,66.41,65.54,67.09,67.15,66.91,67.85,66.48,66.48,66.7,66.99,66.73,66.91,66.01,65.24,66.7,59.73,66.95,66.77,65.78,67.06,66.33,65.85,67.4,66.41,67.33,66.67,66.71,66.53,66.3,66.48,67.53,59.3,67.15,66.44
65.81,66.57,66.73,65.14,65.85,66.49,65.93,66.41,66.55,66.18,66.75,65.88,66.61,66.87,66.41,65.54,67.09,67.33,66.91,67.85,66.48,66.48,66.7,66.99,66.9,66.91,66.01,65.24,66.7,59.73,66.95,66.77,65.78,67.06,66.33,65.85,67.4,66.41,67.33,66.67,66.89,66.53,66.3,66.3,67.53,59.3,67.15,66.44
65.81,66.57,66.73,65.14,65.68,66.49,65.93,66.23,66.55,66.18,66.75,66.05,66.61,66.87,66.41,65.54,67.09,67.33,66.91,67.85,66.48,66.48,66.7,66.99,66.9,66.91,66.01,65.24,66.7,59.73,66.95,66.77,65.78,67.06,66.33,65.85,67.4,66.41,67.33,66.67,66.89,66.53,66.3,66.3,67.53,59.3,67.15,66.44
65.81,66.75,66.73,65.14,65.85,66.49,65.93,66.41,66.55,66.18,66.75,66.05,66.61,66.87,66.41,65.54,67.09,67.33,66.91,67.85,66.48,66.48,66.7,66.99,66.9,66.91,66.01,65.24,66.7,59.73,66.95,66.77,65.95,67.06,66.33,65.85,67.4,66.41,67.33,66.67,66.71,66.53,66.3,66.3,67.53,59.3,66.98,66.44
65.81,66.75,66.73,65.14,65.68,66.49,65.93,66.23,66.73,66.18,66.75,66.05,66.61,66.69,66.41,65.54,67.09,67.33,66.91,67.85,66.48,66.48,66.7,66.99,66.9,66.91,66.01,65.24,66.7,59.73,66.95,66.77,65.95,67.06,66.33,65.85,67.4,66.41,67.33,66.67,66.71,66.53,66.3,66.3,67.53,59.3,67.15,66.44
65.81,66.75,66.73,65.14,65.68,66.49,66.11,66.41,66.55,66.18,66.93,66.05,66.61,66.87,66.41,65.54,67.09,67.33,66.91,67.85,66.48,66.48,66.7,66.99,66.73,66.91,66.01,65.24,66.7,59.73,66.95,66.77,65.95,67.06,66.33,65.85,67.4,66.41,67.33,66.67,66.71,66.53,66.3,66.3,67.53,59.3,66.98,66.44
65.81,66.75,66.73,65.14,65.68,66.49,65.93,66.23,66.73,66.18,66.93,66.05,66.61,66.87,66.41,65.54,67.09,67.33,66.91,67.85,66.48,66.48,66.7,66.99,66.9,66.91,66.19,65.24,66.7,59.73,66.95,66.95,65.95,67.06,66.33,65.85,67.4,66.41,67.33,66.67,66.89,66.53,66.3,66.3,67.53,59.3,67.15,66.44
65.81,66.75,66.73,65.14,65.68,66.49,66.11,66.23,66.55,66.18,66.93,66.05,66.61,66.87,66.41,65.54,67.09,67.33,66.91,67.85,66.48,66.48,66.7,66.99,66.9,66.91,66.19,65.24,66.7,59.73,66.95,66.95,65.95,67.06,66.33,65.85,67.4,66.41,67.33,66.67,66.89,66.53,66.3,66.3,67.35,59.3,67.15,66.44
65.81,66.75,66.73,65.14,65.68,66.49,66.11,66.23,66.55,66.18,66.93,66.05,66.61,66.69,66.59,65.54,67.27,67.33,66.91,67.85,66.48,66.48,66.7,66.99,66.9,66.91,66.19,65.24,66.7,59.73,66.95,66.95,65.95,67.06,66.33,65.85,67.4,66.41,67.33,66.67,66.89,66.53,66.3,66.3,67.35,59.3,66.98,66.44
65.81,66.75,66.73,65.14,65.85,66.49,66.11,66.41,66.55,66.18,66.93,66.05,66.61,66.87,66.59,65.54,67.27,67.33,66.91,67.85,66.48,66.48,66.7,66.99,66.9,66.91,66.19,65.24,66.7,59.73,66.95,66.95,65.95,67.06,66.33,65.85,67.4,66.41,67.33,66.67,66.89,66.53,66.3,66.3,67.35,59.3,67.15,66.44
65.81,66.75,66.73,65.14,65.85,66.49,66.11,66.41,66.55,66.18,66.93,66.05,66.61,66.87,66.41,65.54,67.27,67.33,66.91,67.85,66.48,66.48,66.7,66.99,66.9,66.91,66.19,65.24,66.7,59.73,66.95,66.95,65.95,67.06,66.33,65.85,67.4,66.41,67.33,66.85,66.89,66.53,66.3,66.3,67.53,59.48,66.98,66.44
65.81,66.75,66.73,65.14,65.85,66.49,66.11,66.41,66.55,66.18,66.93,66.05,66.61,66.69,66.59,65.54,67.09,67.33,66.91,67.85,66.48,66.48,66.7,66.99,66.9,66.91,66.19,65.24,66.7,59.73,66.95,66.95,65.95,67.06,66.33,65.85,67.4,66.41,67.33,66.85,66.89,66.71,66.3,66.3,67.35,59.3,67.15,66.44
65.81,66.75,66.73,65.14,65.68,66.49,65.93,66.41,66.55,66.18,66.93,66.05,66.61,66.69,66.59,65.54,67.09,67.33,66.91,67.85,66.48,66.48,66.7,66.99,66.73,66.91,66.19,65.24,66.7,59.73,66.95,66.95,65.95,67.06,66.51,65.85,67.4,66.41,67.5,66.85,66.89,66.71,66.3,66.48,67.35,59.48,67.15,66.44
65.81,66.57,66.73,65.14,65.85,66.49,66.11,66.41,66.55,66.18,66.93,66.05,66.61,66.69,66.59,65.54,67.27,67.33,66.91,67.85,66.48,66.48,66.7,66.99,66.73,66.91,66.01,65.24,66.7,59.73,66.95,66.95,65.95,67.06,66.33,65.85,67.4,66.41,67.5,66.85,66.89,66.71,66.3,66.48,67.53,59.48,67.15,66.44
65.81,66.57,66.73,65.14,65.85,66.49,65.93,66.41,66.55,66.18,66.93,66.05,66.61,66.87,66.59,65.54,67.27,67.15,67.09,67.85,66.48,66.48,66.7,66.99,66.73,66.91,66.01,65.24,66.7,59.73,66.95,66.95,65.95,67.06,66.33,65.85,67.4,66.41,67.5,66.85,66.89,66.71,66.3,66.48,67.53,59.48,66.98,66.44
65.81,66.75,66.73,65.14,65.85,66.49,65.93,66.41,66.55,66.18,66.93,66.05,66.61,66.69,66.59,65.54,67.27,67.33,67.09,67.85,66.48,66.48,66.7,66.99,66.9,66.91,66.01,65.24,66.7,59.73,66.95,66.95,65.95,67.06,66.33,65.85,67.4,66.41,67.33,66.85,66.89,66.71,66.3,66.3,67.35,59.48,66.98,66.44
65.81,66.75,66.73,65.14,65.68,66.49,66.11,66.41,66.55,66.18,66.93,66.05,66.61,66.87,66.59,65.54,67.09,67.33,67.09,67.85,66.48,66.48,66.7,66.99,66.73,66.91,66.01,65.24,66.7,59.73,66.95,66.95,65.95,67.06,66.33,65.85,67.4,66.41,67.33,66.85,66.89,66.71,66.3,66.3,67.53,59.48,66.98,66.44
65.81,66.75,66.73,65.14,65.68,66.49,65.93,66.23,66.55,66.18,66.93,65.88,66.61,66.69,66.59,65.54,67.27,67.15,67.09,68.03,66.48,66.65,66.7,66.99,66.73,67.09,66.01,65.24,66.7,59.73,66.95,66.95,65.95,67.06,66.33,65.85,67.4,66.41,67.33,66.85,66.71,66.71,66.3,66.3,67.53,59.48,66.98,66.44
65.81,66.75,66.73,65.14,65.68,66.49,65.93,66.41,66.55,66.18,66.93,65.88,66.61,66.69,66.59,65.54,67.09,67.15,67.09,68.03,66.48,66.65,66.7,66.99,66.9,67.09,66.01,65.24,66.7,59.73,66.95,66.95,65.95,67.06,66.33,65.85,67.4,66.41,67.33,66.85,66.89,66.71,66.3,66.3,67.35,59.48,66.98,66.44
65.81,66.75,66.73,65.14,65.68,66.49,65.93,66.41,66.55,66.18,66.93,65.88,66.61,66.87,66.59,65.54,67.27,67.15,67.09,68.03,66.48,66.65,66.7,66.99,66.73,67.09,66.01,65.24,66.7,59.73,66.95,66.95,65.95,67.06,66.33,65.85,67.4,66.41,67.33,66.85,66.71,66.71,66.3,66.3,67.35,59.48,66.98,66.44
65.81,66.75,66.73,65.14,65.68,66.49,65.93,66.41,66.73,66.18,66.93,65.88,66.61,66.87,66.59,65.54,67.09,67.15,67.09,67.85,66.48,66.65,66.7,66.99,66.9,67.09,66.01,65.06,66.7,59.73,66.95,66.95,65.95,67.06,66.33,65.85,67.4,66.41,67.33,66.85,66.71,66.71,66.3,66.3,67.53,59.48,66.98,66.44
65.81,66.75,66.73,65.14,65.68,66.49,65.93,66.41,66.55,66.18,66.93,65.88,66.61,66.87,66.59,65.54,67.27,67.15,67.09,67.85,66.3,66.65,66.7,66.99,66.9,67.09,66.01,65.24,66.7,59.73,66.95,66.77,65.95,67.06,66.33,65.85,67.4,66.41,67.33,66.85,66.71,66.71,66.3,66.3,67.53,59.48,66.98,66.44
65.81,66.57,66.55,64.96,65.68,66.49,65.93,66.41,66.55,66.18,66.93,65.88,66.61,66.69,66.41,65.54,67.27,67.15,67.09,67.85,66.3,66.65,66.7,66.99,66.9,67.09,66.01,65.24,66.7,59.73,66.95,66.95,65.95,67.06,66.33,65.85,67.4,66.41,67.33,67.03,66.71,66.71,66.3,66.3,67.53,59.48,66.98,66.44
65.81,66.75,66.73,65.14,65.68,66.49,65.93,66.41,66.73,66.18,66.93,65.88,66.61,66.87,66.59,65.54,67.27,67.15,67.09,67.85,66.3,66.65,66.7,66.99,66.9,67.09,66.01,65.24,66.7,59.73,66.95,66.77,65.95,67.06,66.33,65.85,67.4,66.41,67.33,66.85,66.71,66.71,66.3,66.3,67.53,59.48,66.98,66.44
65.81,66.57,66.73,65.14,65.68,66.49,65.93,66.41,66.73,66.18,66.93,65.88,66.61,66.69,66.59,65.54,67.27,67.15,67.09,67.85,66.3,66.65,66.7,66.99,66.9,67.09,66.01,65.24,66.7,59.73,66.95,66.77,65.95,67.06,66.33,65.85,67.4,66.41,67.33,66.85,66.71,66.71,66.3,66.3,67.53,59.48,66.98,66.44
65.81,66.75,66.55,64.96,65.68,66.49,65.93,66.41,66.73,66.18,66.93,65.88,66.61,66.87,66.41,65.54,67.27,66.97,67.09,68.03,66.3,66.65,66.7,66.99,66.9,67.09,66.01,65.06,66.7,59.73,66.95,66.77,66.13,67.06,66.33,65.85,67.4,66.41,67.33,67.03,66.71,66.71,66.3,66.3,67.53,59.48,66.98,66.44
65.81,66.57,66.55,65.14,65.68,66.49,65.93,66.23,66.73,66.18,66.75,65.88,66.61,66.69,66.59,65.54,67.27,66.97,67.09,67.85,66.3,66.65,66.52,66.99,66.9,67.09,66.01,65.06,66.7,59.73,66.95,66.77,66.13,67.06,66.33,65.85,67.4,66.41,67.33,67.03,66.71,66.71,66.12,66.3,67.53,59.48,66.98,66.44
65.81,66.75,66.55,65.14,65.68,66.31,65.93,66.41,66.73,66.18,66.75,65.88,66.61,66.87,66.41,65.54,67.27,66.97,67.09,67.85,66.3,66.65,66.52,66.99,66.9,67.09,66.01,65.06,66.7,59.73,66.95,66.77,65.95,67.06,66.33,65.85,67.4,66.41,67.33,66.85,66.71,66.71,66.12,66.3,67.53,59.48,66.8,66.44
65.81,66.75,66.55,64.96,65.68,66.31,65.93,66.23,66.73,66.18,66.75,65.88,66.61,66.87,66.41,65.54,67.27,66.97,67.09,67.85,66.3,66.65,66.52,66.99,66.9,67.09,66.01,65.06,66.7,59.73,66.95,66.77,65.95,67.06,66.33,65.85,67.4,66.41,67.15,66.85,66.71,66.71,66.12,66.3,67.53,59.48,66.8,66.44
65.81,66.75,66.55,64.96,65.5,66.31,65.93,66.41,66.73,66.18,66.75,65.88,66.61,66.69,66.59,65.54,67.27,66.97,67.09,67.85,66.3,66.65,66.52,66.99,66.9,67.09,66.01,65.06,66.7,59.73,66.95,66.77,65.95,67.06,66.33,65.85,67.4,66.41,67.15,66.85,66.71,66.71,66.12,66.3,67.53,59.48,66.8,66.44
65.81,66.75,66.55,64.96,65.68,66.31,65.93,66.41,66.73,66.18,66.75,65.88,66.61,66.87,66.41,65.54,67.27,66.97,67.09,67.85,66.3,66.65,66.52,66.99,66.9,67.09,66.01,65.06,66.7,59.73,66.95,66.77,66.13,67.06,66.33,65.85,67.4,66.41,67.15,66.85,66.71,66.71,66.12,66.3,67.53,59.48,66.8,66.44
65.81,66.75,66.55,64.96,65.5,66.31,65.93,66.41,66.73,66.18,66.75,65.88,66.61,66.69,66.41,65.54,67.27,66.97,67.09,67.85,66.3,66.65,66.52,66.99,66.9,67.09,66.01,65.06,66.7,59.92,66.95,66.77,66.13,67.06,66.33,65.85,67.4,66.23,67.15,66.85,66.71,66.71,66.12,66.3,67.53,59.48,66.8,66.44
65.81,66.75,66.55,64.96,65.5,66.31,65.93,66.41,66.73,66.18,66.75,66.05,66.61,66.69,66.41,65.54,67.27,66.97,67.09,67.85,66.3,66.65,66.52,66.99,66.9,67.09,66.19,65.06,66.7,59.73,66.95,66.77,66.13,67.06,66.33,65.85,67.4,66.41,67.15,66.85,66.71,66.71,66.12,66.3,67.53,59.48,66.98,66.44
65.81,66.75,66.55,64.96,65.5,66.31,65.93,66.41,66.73,66.18,66.75,66.05,66.61,66.69,66.41,65.54,67.27,66.97,67.09,67.85,66.3,66.65,66.52,66.99,66.9,67.09,66.19,65.06,66.7,59.73,66.95,66.77,66.13,67.06,66.33,65.85,67.4,66.23,67.15,66.85,66.71,66.71,66.12,66.3,67.53,59.48,66.8,66.44
65.81,66.75,66.55,64.96,65.5,66.31,65.93,66.41,66.55,66.18,66.75,66.05,66.61,66.69,66.41,65.54,67.27,66.97,67.09,67.85,66.3,66.65,66.52,66.99,66.9,67.09,66.19,65.06,66.7,59.73,66.95,66.77,66.13,67.06,66.33,65.85,67.4,66.23,67.15,66.85,66.71,66.71,66.12,66.3,67.53,59.48,66.98,66.44
65.81,66.75,66.55,64.96,65.5,66.31,65.93,66.23,66.73,66.18,66.75,65.88,66.61,66.69,66.41,65.54,67.27,66.97,67.09,67.85,66.3,66.65,66.7,66.99,66.9,66.91,66.19,65.06,66.7,59.73,66.95,66.77,66.13,67.06,66.33,65.85,67.4,66.23,67.15,66.85,66.71,66.71,66.12,66.3,67.35,59.48,66.8,66.44
65.81,66.75,66.55,64.96,65.5,66.31,66.11,66.23,66.73,66.18,66.75,65.88,66.61,66.69,66.41,65.54,67.27,66.97,67.09,67.85,66.3,66.65,66.52,66.99,66.9,67.09,66.19,65.06,66.7,59.73,66.95,66.59,66.13,67.06,66.33,65.85,67.4,66.23,67.15,66.85,66.71,66.71,66.12,66.3,67.53,59.48,66.8,66.44
65.63,66.75,66.55,64.96,65.5,66.31,65.93,66.23,66.55,66.18,66.75,66.05,66.79,66.69,66.41,65.54,67.27,66.97,67.09,67.85,66.3,66.65,66.7,66.99,66.9,66.91,66.19,65.06,66.7,59.73,66.95,66.59,66.13,67.06,66.33,65.85,67.4,66.23,67.15,66.85,66.71,66.71,66.12,66.3,67.35,59.48,66.98,66.44
65.81,66.75,66.55,65.14,65.5,66.31,66.11,66.23,66.55,66.18,66.75,66.05,66.61,66.69,66.41,65.54,67.27,66.97,66.91,67.85,66.3,66.65,66.7,66.99,66.9,67.09,66.19,65.24,66.7,59.73,66.95,66.77,66.13,67.06,66.33,65.85,67.4,66.23,67.15,66.85,66.71,66.71,66.12,66.3,67.35,59.48,66.8,66.44
65.81,66.75,66.73,64.96,65.5,66.31,66.11,66.23,66.55,66.18,66.75,66.05,66.79,66.69,66.41,65.54,67.27,66.97,67.09,67.85,66.3,66.65,66.52,66.99,66.9,67.09,66.19,65.24,66.53,59.73,66.95,66.59,66.13,67.06,66.33,65.85,67.4,66.23,67.15,66.85,66.71,66.71,66.12,66.3,67.35,59.48,66.8,66.44
65.63,66.75,66.73,65.14,65.5,66.31,66.11,66.23,66.55,66.18,66.75,66.05,66.79,66.87,66.41,65.54,67.27,66.97,66.91,67.85,66.3,66.65,66.7,66.99,66.9,66.91,66.19,65.24,66.53,59.73,66.95,66.59,66.13,67.06,66.33,65.85,67.4,66.23,67.15,66.85,66.71,66.71,66.12,66.3,67.35,59.3,66.98,66.44
65.63,66.75,66.55,65.14,65.5,66.31,66.11,66.41,66.55,66.18,66.75,66.05,66.79,66.87,66.41,65.54,67.27,66.97,67.09,67.85,66.3,66.65,66.7,66.99,66.9,66.91,66.19,65.24,66.53,59.73,66.95,66.59,66.13,67.06,66.33,65.85,67.4,66.23,66.97,66.85,66.71,66.71,66.12,66.3,67.53,59.48,66.98,66.44
65.81,66.75,66.73,65.14,65.5,66.31,66.11,66.41,66.55,66.18,66.75,66.05,66.79,66.87,66.41,65.54,67.27,66.79,66.91,67.85,66.3,66.65,66.7,66.99,66.9,66.91,66.19,65.24,66.53,59.73,66.77,66.59,66.13,67.06,66.51,65.85,67.4,66.23,66.97,66.85,66.71,66.71,66.12,66.3,67.35,59.48,66.98,66.44
65.81,66.75,66.73,65.14,65.68,66.31,66.11,66.41,66.73,66.18,66.75,66.05,66.79,66.87,66.41,65.54,67.27,66.79,66.91,67.85,66.3,66.65,66.52,66.99,66.9,67.09,66.19,65.24,66.53,59.73,66.95,66.59,66.13,67.06,66.51,65.85,67.4,66.23,66.97,66.85,66.71,66.71,66.12,66.3,67.35,59.3,66.98,66.44
65.81,66.75,66.73,65.14,65.5,66.31,66.11,66.41,66.55,66.18,66.75,66.05,66.79,66.87,66.41,65.54,67.27,66.79,67.09,67.85,66.3,66.65,66.7,66.99,66.9,66.91,66.19,65.24,66.7,59.73,66.77,66.59,66.13,67.06,66.33,65.85,67.4,66.23,66.97,66.85,66.71,66.71,66.12,66.3,67.53,59.48,66.98,66.44
65.81,66.75,66.73,65.14,65.68,66.31,66.11,66.41,66.73,66.18,66.75,66.05,66.79,66.69,66.41,65.54,67.27,66.79,67.09,67.85,66.3,66.65,66.7,66.99,66.9,66.91,66.19,65.24,66.53,59.92,66.77,66.59,66.13,67.06,66.51,65.85,67.4,66.23,66.97,66.85,66.71,66.71,66.12,66.3,67.35,59.48,66.98,66.44
65.81,66.75,66.73,65.14,65.5,66.31,66.11,66.23,66.55,66.18,66.75,66.05,66.79,66.69,66.59,65.54,67.27,66.79,66.91,67.85,66.3,66.65,66.7,66.99,66.9,67.09,66.19,65.24,66.7,59.73,66.77,66.59,66.13,67.06,66.33,65.85,67.4,66.23,66.97,66.85,66.71,66.71,66.12,66.3,67.53,59.48,66.98,66.44
65.81,66.75,66.73,65.14,65.5,66.31,66.11,66.41,66.73,66.18,66.75,66.05,66.79,66.87,66.59,65.54,67.27,66.79,67.09,67.85,66.48,66.65,66.7,66.99,66.9,67.09,66.19,65.24,66.7,59.73,66.95,66.59,66.13,67.06,66.33,65.85,67.4,66.23,66.97,66.85,66.71,66.71,66.12,66.3,67.53,59.48,66.98,66.44
65.81,66.75,66.73,65.14,65.68,66.31,66.11,66.41,66.73,66.18,66.75,66.05,66.79,66.87,66.41,65.54,67.27,66.79,67.09,67.85,66.3,66.65,66.7,66.99,66.9,67.09,66.19,65.24,66.7,59.73,66.95,66.59,66.13,67.06,66.33,65.85,67.4,66.23,66.97,66.85,66.71,66.71,66.3,66.3,67.53,59.48,66.98,66.44
65.81,66.75,66.73,65.14,65.5,66.31,66.11,66.41,66.73,66.18,66.75,66.05,66.79,66.69,66.59,65.54,67.27,66.79,67.09,67.85,66.3,66.65,66.7,66.99,66.9,67.09,66.19,65.24,66.7,59.92,66.95,66.59,66.13,67.06,66.33,66.03,67.4,66.23,66.97,66.85,66.71,66.71,66.12,66.3,67.53,59.48,66.98,66.44
65.81,66.75,66.73,65.14,65.5,66.31,66.11,66.41,66.73,66.18,66.75,66.05,66.79,66.87,66.41,65.54,67.27,66.79,67.09,67.85,66.3,66.65,66.7,66.99,66.9,66.91,66.19,65.24,66.7,59.92,66.95,66.59,66.13,67.06,66.33,65.85,67.4,66.23,66.97,66.85,66.71,66.71,66.12,66.3,67.53,59.48,66.98,66.44
65.63,66.75,66.73,65.14,65.5,66.31,65.93,66.41,66.73,66.18,66.75,65.88,66.61,66.87,66.59,65.54,67.27,66.79,67.09,67.85,66.3,66.83,66.7,67.17,66.9,67.09,66.19,65.24,66.7,59.92,66.95,66.77,66.13,67.06,66.33,66.03,67.4,66.23,66.97,66.85,66.71,66.71,66.12,66.3,67.53,59.48,66.98,66.44
65.81,66.75,66.73,65.14,65.5,66.31,65.93,66.23,66.73,66.18,66.75,65.88,66.79,66.87,66.41,65.72,67.27,66.79,66.91,67.85,66.3,66.83,66.7,66.99,66.9,67.09,66.19,65.24,66.7,59.92,66.95,66.77,66.13,67.06,66.33,66.03,67.4,66.41,66.97,66.85,66.71,66.71,66.12,66.3,67.53,59.48,66.98,66.44
65.81,66.75,66.55,65.14,65.5,66.31,65.93,66.23,66.73,66.18,66.75,65.88,66.61,66.87,66.59,65.72,67.27,66.79,67.09,67.85,66.3,66.65,66.7,66.99,66.9,67.09,66.19,65.24,66.7,59.92,66.95,66.59,66.13,67.06,66.33,66.03,67.58,66.41,67.15,66.85,66.71,66.71,66.12,66.3,67.53,59.48,66.98,66.44
65.81,66.75,66.73,65.14,65.5,66.31,65.93,66.41,66.73,66.18,66.75,65.88,66.61,66.87,66.59,65.72,67.45,66.79,67.09,67.85,66.3,66.83,66.7,67.17,66.9,67.09,66.01,65.24,66.7,59.92,66.95,66.77,66.13,67.06,66.33,66.03,67.58,66.41,67.15,66.85,66.71,66.71,66.12,66.3,67.53,59.48,66.98,66.44
65.81,66.75,66.73,65.14,65.5,66.31,65.93,66.41,66.73,66.18,66.75,65.88,66.61,66.87,66.59,65.72,67.27,66.79,67.09,67.85,66.3,66.65,66.7,67.17,66.9,67.09,66.01,65.24,66.7,59.92,66.95,66.77,66.13,67.06,66.33,66.03,67.58,66.41,67.15,66.85,66.71,66.71,66.3,66.48,67.53,59.48,66.98,66.44
65.81,66.75,66.73,65.14,65.5,66.31,65.93,66.41,66.73,66.18,66.75,65.88,66.61,66.69,66.59,65.72,67.45,66.79,67.09,67.85,66.3,66.83,66.7,67.17,66.9,67.09,66.01,65.24,66.7,59.92,66.95,66.59,66.13,67.06,66.33,66.03,67.58,66.41,67.15,66.85,66.71,66.71,66.3,66.48,67.53,59.48,66.98,66.44
65.81,66.57,66.73,64.96,65.5,66.31,65.93,66.41,66.73,66.18,66.75,65.88,66.61,66.87,66.59,65.54,67.27,66.79,66.91,67.85,66.3,66.65,66.7,67.17,66.9,67.09,66.01,65.06,66.7,59.92,66.95,66.77,66.13,67.06,66.33,66.03,67.58,66.41,66.97,66.85,66.71,66.71,66.3,66.48,67.53,59.48,66.8,66.44
65.81,66.75,66.55,65.14,65.5,66.31,65.93,66.41,66.73,66.18,66.75,65.88,66.61,66.87,66.59,65.72,67.45,66.79,67.09,67.85,66.3,66.65,66.7,67.17,66.9,67.09,66.01,65.24,66.7,59.92,66.95,66.77,66.13,67.06,66.33,66.03,67.58,66.41,67.15,66.85,66.71,66.71,66.3,66.48,67.53,59.48,66.98,66.44
65.63,66.75,66.73,65.14,65.5,66.31,65.93,66.41,66.73,66.18,66.75,65.88,66.61,66.87,66.59,65.54,67.45,66.79,67.09,67.85,66.3,66.83,66.7,67.17,66.9,67.09,66.01,65.06,66.7,59.92,66.95,66.77,66.13,67.06,66.33,66.03,67.58,66.41,67.15,66.85,66.71,66.71,66.3,66.3,67.53,59.48,66.98,66.44
65.81,66.75,66.73,65.14,65.5,66.31,65.93,66.41,66.73,66,66.75,65.88,66.61,66.87,66.59,65.54,67.45,66.79,67.09,67.85,66.3,66.83,66.7,66.99,66.9,67.09,66.01,65.06,66.7,59.92,66.95,66.59,66.13,67.06,66.33,66.03,67.58,66.41,67.15,66.85,66.71,66.71,66.12,66.3,67.53,59.48,66.98,66.44
65.81,66.75,66.73,65.14,65.5,66.31,65.93,66.23,66.73,66,66.75,65.88,66.61,66.87,66.59,65.54,67.45,66.79,67.09,67.85,66.3,66.83,66.7,66.99,66.9,66.91,66.01,65.24,66.7,59.92,66.95,66.77,65.95,67.06,66.33,66.03,67.58,66.41,67.15,66.85,66.71,66.71,66.12,66.3,67.53,59.48,66.98,66.26
65.63,66.57,66.73,64.96,65.5,66.31,65.93,66.23,66.73,66,66.75,65.88,66.61,66.87,66.59,65.54,67.45,66.79,67.09,67.85,66.3,66.83,66.7,66.99,66.9,67.09,66.01,65.06,66.7,59.92,66.95,66.77,66.13,67.06,66.33,65.85,67.58,66.41,67.15,66.85,66.71,66.71,66.12,66.3,67.53,59.48,66.98,66.26
65.63,66.57,66.73,64.96,65.5,66.31,65.93,66.41,66.73,66,66.75,65.88,66.61,66.69,66.59,65.54,67.45,66.79,67.09,67.85,66.3,66.83,66.52,66.99,66.9,67.09,66.01,65.06,66.7,59.92,66.95,66.77,65.95,67.06,66.33,66.03,67.58,66.41,67.15,66.85,66.71,66.71,66.12,66.3,67.53,59.48,66.98,66.26
65.81,66.75,66.73,64.96,65.5,66.31,65.93,66.23,66.73,66,66.75,65.88,66.61,66.87,66.59,65.54,67.45,66.79,67.09,67.85,66.3,66.83,66.7,66.99,66.9,67.09,66.01,65.06,66.7,59.92,66.95,66.59,65.95,67.06,66.33,65.85,67.58,66.41,67.15,66.85,66.71,66.71,66.12,66.3,67.53,59.48,66.8,66.44
65.63,66.57,66.73,64.96,65.5,66.31,65.93,66.41,66.73,66,66.75,65.88,66.61,66.69,66.41,65.54,67.45,66.79,67.09,67.85,66.3,66.83,66.52,66.99,66.9,67.09,66.01,65.06,66.7,59.92,66.95,66.59,65.95,67.06,66.33,65.85,67.58,66.41,66.97,66.85,66.71,66.71,66.12,66.3,67.53,59.48,66.98,66.26
65.63,66.57,66.73,64.96,65.5,66.31,65.93,66.23,66.73,66,66.75,65.88,66.61,66.69,66.41,65.54,67.45,66.79,67.09,67.85,66.3,66.83,66.52,66.99,66.9,66.91,66.01,65.06,66.7,59.92,66.95,66.59,65.95,67.06,66.33,65.85,67.58,66.41,66.97,66.85,66.71,66.71,66.12,66.3,67.53,59.48,66.8,66.44
65.63,66.75,66.73,64.96,65.5,66.31,65.93,66.23,66.73,66,66.75,65.88,66.61,66.69,66.41,65.54,67.45,66.79,66.91,67.85,66.3,66.83,66.52,66.99,66.9,66.91,66.01,65.06,66.7,59.92,66.95,66.59,65.95,67.06,66.33,65.85,67.58,66.41,67.15,66.85,66.71,66.71,66.12,66.3,67.53,59.48,66.8,66.26
65.63,66.57,66.73,64.96,65.5,66.31,65.93,66.23,66.73,66,66.75,65.88,66.61,66.69,66.41,65.54,67.45,66.79,66.91,67.85,66.3,66.83,66.52,67.17,66.9,66.91,66.01,65.06,66.7,59.92,66.95,66.77,65.95,67.06,66.33,65.85,67.58,66.41,66.97,66.85,66.71,66.71,66.12,66.3,67.53,59.48,66.8,66.26
65.63,66.57,66.73,64.96,65.5,66.31,65.93,66.41,66.73,66,66.75,65.88,66.61,66.69,66.41,65.54,67.45,66.79,66.91,67.85,66.3,66.83,66.52,67.17,66.9,66.91,66.01,65.06,66.7,59.92,66.95,66.77,65.95,67.06,66.33,65.85,67.58,66.41,67.15,66.85,66.71,66.71,66.12,66.3,67.53,59.48,66.8,66.26
65.63,66.57,66.73,64.96,65.5,66.31,65.93,66.23,66.73,66,66.75,65.88,66.61,66.87,66.41,65.72,67.45,66.79,66.91,67.85,66.3,66.83,66.52,66.99,66.9,66.91,66.01,65.06,66.7,59.92,66.95,66.77,65.95,67.06,66.33,66.03,67.58,66.41,66.97,66.85,66.71,66.71,66.12,66.3,67.53,59.48,66.98,66.26
65.63,66.57,66.73,64.96,65.5,66.31,65.93,66.41,66.73,66,66.75,65.88,66.61,66.69,66.41,65.54,67.45,66.79,66.91,67.85,66.3,66.83,66.52,67.17,66.9,66.91,66.01,65.06,66.7,59.92,66.95,66.77,65.95,67.06,66.33,66.03,67.58,66.41,67.15,66.85,66.71,66.71,66.12,66.3,67.53,59.48,66.98,66.26
65.63,66.57,66.73,64.96,65.5,66.31,65.93,66.41,66.73,66,66.75,65.88,66.61,66.87,66.41,65.54,67.45,66.79,66.91,67.85,66.3,66.83,66.52,67.17,66.9,66.91,66.01,65.06,66.7,59.92,66.95,66.77,65.95,67.06,66.33,66.03,67.58,66.41,66.97,66.85,66.71,66.71,66.12,66.3,67.53,59.3,66.8,66.26
65.63,66.57,66.73,64.96,65.5,66.31,65.93,66.41,66.73,66,66.75,65.88,66.61,66.69,66.41,65.54,67.45,66.79,66.91,67.85,66.3,66.83,66.52,67.17,66.9,66.91,66.01,65.06,66.7,59.92,66.95,66.77,65.95,67.06,66.33,66.03,67.58,66.41,66.97,66.85,66.71,66.71,66.12,66.3,67.53,59.3,66.8,66.26
65.63,66.57,66.55,64.96,65.5,66.31,65.93,66.23,66.73,66,66.75,65.88,66.61,66.69,66.41,65.54,67.45,66.79,66.91,67.85,66.3,66.83,66.52,67.17,66.9,66.91,66.01,65.06,66.7,59.92,66.95,66.77,65.95,67.06,66.33,66.03,67.58,66.41,66.97,66.67,66.71,66.71,66.12,66.3,67.53,59.3,66.8,66.26
65.63,66.57,66.55,64.96,65.32,66.31,65.75,66.23,66.9,66,66.93,65.7,66.61,66.87,66.41,65.54,67.45,66.79,66.91,67.85,66.3,66.83,66.52,67.17,66.9,66.91,65.83,65.06,66.7,59.92,66.95,66.77,65.95,67.06,66.15,66.03,67.58,66.41,67.15,66.85,66.71,66.71,66.12,66.3,67.53,59.3,66.8,66.26
65.63,66.57,66.55,64.96,65.32,66.31,65.75,66.23,66.73,66,66.75,65.7,66.61,66.87,66.41,65.54,67.45,66.79,66.91,67.85,66.3,66.83,66.52,66.99,66.9,66.91,65.83,65.06,66.7,59.92,66.95,66.77,65.95,67.06,66.15,66.03,67.58,66.41,67.15,66.85,66.71,66.71,66.12,66.3,67.53,59.3,66.8,66.26
65.63,66.57,66.55,64.96,65.32,66.31,65.75,66.23,66.73,66,66.75,65.7,66.61,66.69,66.41,65.54,67.45,66.79,66.91,67.85,66.3,66.83,66.52,67.17,66.9,66.91,66.01,65.06,66.7,59.92,66.95,66.77,65.95,67.06,66.15,66.03,67.58,66.41,67.15,66.67,66.71,66.71,66.12,66.3,67.53,59.3,66.8,66.26
65.63,66.57,66.55,64.96,65.32,66.31,65.75,66.23,66.9,66,66.75,65.88,66.61,66.69,66.41,65.54,67.45,66.79,66.91,67.85,66.3,66.83,66.52,66.99,66.9,66.91,66.01,65.06,66.7,59.92,66.95,66.77,65.95,67.06,66.15,65.85,67.58,66.41,67.15,66.67,66.53,66.71,66.12,66.3,67.53,59.3,66.8,66.26
65.63,66.57,66.55,64.96,65.32,66.31,65.75,66.23,66.73,65.82,66.75,65.7,66.61,66.69,66.41,65.54,67.45,66.79,66.91,67.85,66.3,66.83,66.52,66.99,66.9,66.91,66.01,65.06,66.7,59.92,66.95,66.77,65.95,67.06,66.15,65.85,67.58,66.41,67.15,66.67,66.53,66.71,66.12,66.3,67.53,59.3,66.8,66.26
65.63,66.57,66.55,64.96,65.32,66.31,65.75,66.23,66.73,65.82,66.75,65.7,66.61,66.69,66.41,65.54,67.45,66.79,66.91,67.85,66.3,66.83,66.52,67.17,67.08,66.91,66.01,65.06,66.7,59.92,66.95,66.77,65.95,67.06,66.15,65.85,67.58,66.41,67.15,66.67,66.53,66.53,66.12,66.3,67.53,59.3,66.8,66.26
65.63,66.57,66.55,64.96,65.32,66.31,65.75,66.23,66.9,65.82,66.75,65.7,66.61,66.69,66.41,65.54,67.45,66.79,66.91,67.85,66.3,66.83,66.52,66.99,67.08,66.91,66.01,65.06,66.7,59.92,66.95,66.77,65.95,67.06,66.15,65.85,67.58,66.41,67.15,66.67,66.53,66.53,66.12,66.3,67.53,59.3,66.8,66.26
65.63,66.57,66.55,64.96,65.32,66.31,65.75,66.23,66.73,65.82,66.75,65.7,66.61,66.69,66.41,65.54,67.45,66.79,66.91,67.85,66.3,66.83,66.52,66.99,66.9,66.91,66.01,65.06,66.7,59.92,66.95,66.59,65.95,67.06,66.15,65.85,67.58,66.41,67.15,66.67,66.53,66.53,66.12,66.3,67.53,59.3,66.8,66.26
65.63,66.57,66.55,64.96,65.32,66.31,65.75,66.23,66.73,65.82,66.75,65.7,66.61,66.87,66.41,65.54,67.45,66.79,66.91,67.85,66.3,66.83,66.52,66.99,67.08,66.73,65.83,65.06,66.7,59.92,66.95,66.59,65.95,66.88,66.15,65.85,67.58,66.41,67.15,66.67,66.71,66.53,66.12,66.3,67.53,59.3,66.8,66.26
65.63,66.57,66.55,64.96,65.32,66.31,65.75,66.23,66.73,65.82,66.75,65.7,66.61,66.69,66.41,65.54,67.45,66.79,66.73,67.85,66.3,66.83,66.52,66.99,67.08,66.91,65.83,65.06,66.7,59.92,66.95,66.59,65.78,67.06,66.15,65.85,67.58,66.41,67.15,66.67,66.71,66.53,66.12,66.3,67.53,59.3,66.8,66.26
65.63,66.57,66.55,64.96,65.32,66.31,65.75,66.23,66.73,65.82,66.75,65.7,66.43,66.69,66.41,65.54,67.45,66.61,66.73,67.85,66.3,66.83,66.52,66.99,66.9,66.73,65.83,65.06,66.7,59.92,66.95,66.59,65.78,67.06,66.15,65.85,67.58,66.41,67.15,66.67,66.71,66.53,66.12,66.3,67.53,59.3,66.8,66.26
65.63,66.57,66.55,64.96,65.32,66.31,65.75,66.23,66.73,65.82,66.75,65.7,66.43,66.69,66.41,65.54,67.45,66.61,66.73,67.85,66.3,66.83,66.52,66.99,67.08,66.73,65.83,65.06,66.7,59.92,66.95,66.59,65.78,67.06,66.15,65.85,67.58,66.41,67.15,66.67,66.53,66.53,66.12,66.3,67.53,59.3,66.8,66.26
65.63,66.57,66.55,64.96,65.32,66.31,65.75,66.23,66.73,65.82,66.75,65.7,66.43,66.69,66.41,65.54,67.45,66.61,66.73,67.85,66.3,66.83,66.52,66.99,66.9,66.73,65.83,65.06,66.7,59.92,66.95,66.59,65.95,67.06,66.15,65.85,67.58,66.41,66.97,66.67,66.53,66.53,66.12,66.3,67.53,59.3,66.8,66.26
65.63,66.57,66.55,64.96,65.32,66.13,65.75,66.23,66.73,65.82,66.75,65.7,66.43,66.69,66.41,65.54,67.45,66.61,66.73,67.85,66.3,66.83,66.52,66.99,66.9,66.73,65.83,65.06,66.7,59.92,66.77,66.59,65.78,67.06,66.15,65.85,67.58,66.41,67.15,66.49,66.53,66.53,66.12,66.3,67.53,59.12,66.8,66.26
65.63,66.57,66.55,64.96,65.32,66.31,65.75,66.23,66.73,65.82,66.57,65.7,66.43,66.69,66.41,65.54,67.45,66.61,66.73,67.85,66.3,66.65,66.52,66.99,67.08,66.73,65.83,65.06,66.7,59.92,66.77,66.59,65.78,67.06,66.15,65.85,67.58,66.41,66.97,66.49,66.53,66.53,66.12,66.3,67.53,59.12,66.8,66.26
65.63,66.57,66.55,64.96,65.32,66.13,65.75,66.23,66.73,65.82,66.75,65.7,66.61,66.69,66.41,65.54,67.45,66.61,66.73,67.85,66.3,66.65,66.52,66.99,66.9,66.73,66.01,65.06,66.7,59.92,66.77,66.59,65.95,67.06,66.15,65.85,67.58,66.41,66.97,66.49,66.53,66.53,66.12,66.3,67.53,59.12,66.8,66.26
65.63,66.57,66.55,64.96,65.32,66.13,65.75,66.23,66.73,65.82,66.57,65.7,66.61,66.69,66.41,65.54,67.45,66.61,66.73,67.85,66.3,66.83,66.52,66.99,66.9,66.73,66.01,65.06,66.7,59.92,66.77,66.59,65.78,67.06,66.15,65.85,67.58,66.41,66.97,66.49,66.71,66.53,66.12,66.3,67.53,59.12,66.8,66.26
65.63,66.57,66.55,64.96,65.32,66.13,65.75,66.23,66.73,65.82,66.57,65.7,66.61,66.69,66.41,65.54,67.45,66.61,66.73,67.85,66.3,66.65,66.52,66.99,66.9,66.73,66.01,65.06,66.7,59.92,66.77,66.59,65.78,67.06,66.15,65.85,67.58,66.41,66.97,66.49,66.53,66.53,66.12,66.3,67.53,59.12,66.8,66.26
65.63,66.57,66.55,64.96,65.32,66.13,65.75,66.23,66.73,65.82,66.75,65.88,66.43,66.69,66.41,65.54,67.45,66.61,66.73,67.67,66.3,66.65,66.52,66.99,67.08,66.73,65.83,65.06,66.7,59.92,66.77,66.59,65.95,67.06,66.15,65.85,67.58,66.41,66.97,66.49,66.53,66.53,66.12,66.3,67.53,59.12,66.8,66.26
65.63,66.57,66.55,64.96,65.32,66.13,65.75,66.23,66.73,65.82,66.75,65.7,66.61,66.69,66.41,65.54,67.45,66.61,66.73,67.85,66.3,66.65,66.52,66.99,66.9,66.73,65.83,65.06,66.7,59.92,66.77,66.59,65.78,67.06,66.15,65.85,67.58,66.41,66.97,66.49,66.53,66.53,66.12,66.3,67.53,59.12,66.8,66.26
65.63,66.57,66.55,64.96,65.32,66.13,65.75,66.23,66.73,65.82,66.75,65.7,66.61,66.69,66.41,65.54,67.45,66.61,66.73,67.67,66.3,66.65,66.52,66.99,66.9,66.73,66.01,65.06,66.7,59.92,66.77,66.59,65.95,67.06,66.15,65.85,67.58,66.41,66.97,66.49,66.53,66.53,66.12,66.3,67.53,59.12,66.8,66.26
65.63,66.57,66.55,64.96,65.32,66.13,65.75,66.23,66.73,65.82,66.75,65.7,66.61,66.69,66.41,65.54,67.45,66.61,66.73,67.67,66.3,66.65,66.52,66.99,66.9,66.73,66.01,65.06,66.7,59.92,66.77,66.59,65.95,67.06,66.15,65.85,67.58,66.41,66.97,66.49,66.71,66.53,66.12,66.3,67.53,59.12,66.8,66.26
65.63,66.57,66.55,64.96,65.32,66.13,65.75,66.23,66.73,65.82,66.75,65.7,66.61,66.69,66.41,65.54,67.63,66.61,66.73,67.67,66.3,66.83,66.52,66.99,66.9,66.73,65.83,65.06,66.7,59.92,66.77,66.59,65.95,67.06,66.15,65.85,67.58,66.41,66.97,66.49,66.53,66.53,66.12,66.3,67.53,59.12,66.8,66.26
65.63,66.57,66.55,64.96,65.32,66.13,65.75,66.23,66.73,65.82,66.75,65.7,66.43,66.69,66.41,65.54,67.63,66.61,66.73,67.67,66.3,66.65,66.52,66.99,66.9,66.73,65.83,65.06,66.7,59.92,66.77,66.59,65.95,67.06,66.15,65.85,67.58,66.41,66.97,66.49,66.53,66.53,66.12,66.12,67.53,59.12,66.8,66.26
65.63,66.57,66.55,64.96,65.32,66.13,65.75,66.23,66.73,65.82,66.75,65.7,66.61,66.69,66.41,65.54,67.63,66.61,66.73,67.67,66.3,66.65,66.52,66.99,66.9,66.73,66.01,65.06,66.7,59.92,66.77,66.59,65.95,67.06,66.15,65.85,67.58,66.41,66.97,66.49,66.53,66.53,66.12,66.12,67.53,59.12,66.8,66.26
65.63,66.57,66.55,64.96,65.32,66.13,65.75,66.23,66.73,65.82,66.75,65.7,66.43,66.69,66.41,65.54,67.63,66.61,66.73,67.67,66.3,66.65,66.52,66.99,66.9,66.73,65.83,65.06,66.7,59.92,66.77,66.59,65.95,66.88,66.15,65.68,67.58,66.41,66.97,66.49,66.53,66.53,66.12,66.12,67.53,59.12,66.8,66.26
65.63,66.57,66.55,64.96,65.32,66.13,65.75,66.23,66.73,65.82,66.75,65.7,66.61,66.69,66.41,65.54,67.63,66.61,66.73,67.67,66.3,66.65,66.52,66.99,66.9,66.73,65.83,65.06,66.7,59.92,66.77,66.59,65.95,66.88,66.15,65.68,67.58,66.41,66.97,66.49,66.53,66.53,66.12,66.12,67.53,59.12,66.8,66.26
65.63,66.39,66.55,64.96,65.32,66.13,65.75,66.23,66.73,65.82,66.75,65.7,66.61,66.69,66.23,65.54,67.63,66.61,66.73,67.67,66.3,66.65,66.52,66.99,67.08,66.73,65.83,65.06,66.7,59.92,66.77,66.59,65.78,66.88,66.15,65.68,67.58,66.41,66.97,66.49,66.53,66.53,66.12,66.12,67.53,59.12,66.8,66.26
65.63,66.57,66.55,64.96,65.32,66.13,65.75,66.23,66.73,65.82,66.75,65.7,66.61,66.69,66.23,65.54,67.63,66.61,66.73,67.67,66.3,66.65,66.34,66.99,66.9,66.73,65.83,65.06,66.7,59.73,66.77,66.59,65.78,66.88,66.15,65.68,67.58,66.41,66.97,66.49,66.71,66.53,66.12,66.12,67.53,59.12,66.8,66.26
65.63,66.39,66.55,64.96,65.32,66.13,65.75,66.23,66.73,65.82,66.75,65.7,66.43,66.69,66.23,65.54,67.63,66.61,66.73,67.67,66.3,66.65,66.34,66.99,66.9,66.73,65.83,65.06,66.7,59.73,66.77,66.59,65.78,66.88,66.15,65.68,67.58,66.41,66.97,66.49,66.53,66.53,65.94,66.12,67.53,59.12,66.8,66.26
65.63,66.39,66.55,64.96,65.32,66.13,65.75,66.23,66.73,65.82,66.75,65.7,66.43,66.69,66.23,65.54,67.63,66.61,66.73,67.67,66.3,66.65,66.52,66.99,66.9,66.73,65.83,65.06,66.7,59.73,66.77,66.59,65.78,66.88,66.15,65.68,67.58,66.41,66.97,66.49,66.53,66.53,65.94,66.12,67.53,59.12,66.8,66.26
65.63,66.39,66.55,64.96,65.32,66.13,65.75,66.23,66.73,65.82,66.75,65.7,66.43,66.69,66.23,65.54,67.63,66.61,66.73,67.67,66.3,66.65,66.34,66.99,66.9,66.73,65.83,65.06,66.7,59.73,66.77,66.59,65.78,66.88,66.15,65.68,67.58,66.41,66.97,66.49,66.53,66.53,65.94,66.12,67.53,59.12,66.8,66.26
65.63,66.39,66.55,64.96,65.32,66.13,65.75,66.23,66.73,65.82,66.75,65.7,66.43,66.69,66.23,65.54,67.63,66.61,66.73,67.67,66.3,66.65,66.34,66.99,66.9,66.73,65.83,65.06,66.7,59.73,66.77,66.59,65.78,66.88,66.15,65.68,67.58,66.41,66.97,66.49,66.53,66.53,65.94,66.12,67.53,59.12,66.8,66.26
65.63,66.39,66.55,64.96,65.32,66.13,65.75,66.23,66.73,65.82,66.75,65.7,66.43,66.69,66.23,65.54,67.45,66.61,66.73,67.67,66.3,66.65,66.34,66.99,66.9,66.73,65.83,65.06,66.7,59.73,66.95,66.59,65.78,66.88,66.15,65.68,67.58,66.41,66.97,66.49,66.53,66.35,65.94,66.12,67.53,59.12,66.8,66.26
65.63,66.39,66.55,64.79,65.32,66.13,65.75,66.23,66.73,65.82,66.75,65.7,66.43,66.69,66.23,65.54,67.63,66.61,66.73,67.67,66.3,66.65,66.34,66.99,66.9,66.73,65.83,65.06,66.7,59.73,66.77,66.59,65.78,66.88,66.15,65.68,67.58,66.41,67.15,66.49,66.53,66.53,65.94,66.12,67.35,59.12,66.8,66.26
65.63,66.39,66.55,64.96,65.32,66.13,65.75,66.23,66.73,65.82,66.75,65.7,66.43,66.69,66.23,65.36,67.63,66.61,66.55,67.67,66.3,66.65,66.52,66.99,66.9,66.73,65.83,65.06,66.7,59.73,66.77,66.59,65.78,66.88,66.15,65.68,67.58,66.23,67.15,66.49,66.53,66.53,65.94,66.12,67.35,59.12,66.8,66.09
65.45,66.39,66.55,64.96,65.32,66.13,65.58,66.23,66.73,65.82,66.57,65.7,66.43,66.69,66.23,65.54,67.63,66.61,66.55,67.67,66.3,66.65,66.52,66.99,66.9,66.55,65.83,65.06,66.7,59.73,66.77,66.59,65.78,66.88,65.98,65.68,67.58,66.23,67.15,66.49,66.53,66.35,65.94,66.12,67.35,59.12,66.8,66.26
65.63,66.39,66.55,64.79,65.32,66.13,65.58,66.23,66.73,65.82,66.75,65.7,66.43,66.69,66.23,65.36,67.63,66.61,66.55,67.67,66.12,66.65,66.34,66.99,66.9,66.55,65.83,65.06,66.7,59.73,66.77,66.59,65.78,66.88,65.98,65.68,67.58,66.23,67.15,66.49,66.53,66.53,65.94,66.12,67.35,59.12,66.8,66.09
65.45,66.39,66.55,64.96,65.32,66.13,65.75,66.23,66.73,65.82,66.57,65.7,66.43,66.69,66.23,65.36,67.63,66.61,66.55,67.67,66.12,66.65,66.52,66.99,66.9,66.55,65.83,64.89,66.7,59.73,66.77,66.59,65.78,66.88,65.98,65.68,67.58,66.23,67.15,66.31,66.53,66.35,65.94,66.12,67.53,59.12,66.8,66.09
65.63,66.39,66.55,64.79,65.32,66.13,65.58,66.23,66.73,65.82,66.57,65.7,66.43,66.69,66.23,65.36,67.63,66.61,66.55,67.67,66.12,66.65,66.34,66.99,66.9,66.73,65.83,64.89,66.7,59.73,66.77,66.59,65.78,66.88,65.98,65.68,67.58,66.23,66.97,66.49,66.53,66.35,65.94,66.12,67.35,59.12,66.8,66.09
65.63,66.39,66.55,64.79,65.32,66.13,65.75,66.23,66.73,65.82,66.57,65.7,66.43,66.69,66.23,65.54,67.63,66.79,66.55,67.67,66.12,66.65,66.34,66.99,66.9,66.55,65.83,64.89,66.7,59.73,66.77,66.59,65.78,66.88,65.98,65.68,67.58,66.23,67.15,66.49,66.53,66.35,65.94,66.12,67.53,59.12,66.8,66.09
65.63,66.39,66.55,64.79,65.32,66.13,65.58,66.23,66.73,65.82,66.57,65.7,66.43,66.69,66.23,65.36,67.45,66.79,66.55,67.67,66.12,66.65,66.34,66.99,66.9,66.55,65.83,64.89,66.7,59.73,66.77,66.59,65.78,66.88,65.98,65.68,67.58,66.23,66.97,66.49,66.53,66.53,65.94,66.12,67.35,59.12,66.8,66.09
65.45,66.39,66.55,64.79,65.32,66.13,65.58,66.23,66.73,65.82,66.57,65.7,66.43,66.69,66.23,65.36,67.63,66.61,66.55,67.67,66.12,66.65,66.34,66.99,66.9,66.55,65.83,64.89,66.7,59.73,66.77,66.59,65.78,66.88,65.98,65.68,67.58,66.23,67.15,66.31,66.53,66.35,65.94,66.12,67.35,59.12,66.62,66.09
65.45,66.39,66.55,64.79,65.32,66.13,65.58,66.23,66.73,65.82,66.57,65.7,66.43,66.69,66.23,65.36,67.45,66.61,66.55,67.67,66.12,66.65,66.34,66.99,66.9,66.55,65.83,64.89,66.7,59.73,66.77,66.41,65.78,66.88,65.98,65.68,67.58,66.23,67.15,66.49,66.53,66.53,65.94,66.12,67.53,59.12,66.8,66.09
65.45,66.39,66.37,64.79,65.14,66.13,65.58,66.23,66.73,65.82,66.57,65.7,66.43,66.51,66.23,65.36,67.45,66.61,66.55,67.67,66.12,66.65,66.34,66.99,66.9,66.55,65.83,64.89,66.7,59.73,66.77,66.41,65.78,66.88,65.98,65.68,67.58,66.23,66.97,66.49,66.53,66.35,65.94,66.12,67.53,59.12,66.8,66.09
65.45,66.39,66.37,64.79,65.14,66.13,65.58,66.23,66.73,65.82,66.57,65.7,66.43,66.69,66.23,65.36,67.63,66.61,66.55,67.67,66.12,66.65,66.34,66.99,66.9,66.55,65.83,64.89,66.7,59.73,66.77,66.41,65.78,66.88,65.98,65.68,67.58,66.23,66.97,66.49,66.53,66.35,65.94,66.12,67.53,59.12,66.62,66.09
65.45,66.39,66.37,64.79,65.14,66.13,65.75,66.23,66.73,65.82,66.57,65.7,66.43,66.51,66.23,65.36,67.45,66.61,66.55,67.67,66.12,66.65,66.34,66.99,66.9,66.55,65.83,64.89,66.7,59.73,66.77,66.41,65.78,66.88,65.98,65.68,67.58,66.23,66.97,66.49,66.53,66.35,65.94,66.12,67.53,59.12,66.62,66.09
65.45,66.39,66.55,64.79,65.14,66.13,65.58,66.23,66.73,65.82,66.57,65.7,66.43,66.69,66.23,65.36,67.45,66.61,66.55,67.67,66.12,66.65,66.34,66.99,66.9,66.55,65.83,64.89,66.7,59.73,66.77,66.41,65.78,66.88,65.98,65.68,67.58,66.23,66.97,66.49,66.53,66.35,65.94,66.12,67.53,59.12,66.62,66.09
65.45,66.39,66.37,64.79,65.14,66.13,65.58,66.23,66.73,65.82,66.57,65.7,66.43,66.69,66.23,65.36,67.63,66.61,66.55,67.67,66.12,66.65,66.34,66.99,66.9,66.55,65.83,64.89,66.7,59.73,66.77,66.41,65.78,66.88,65.98,65.68,67.58,66.23,66.97,66.49,66.53,66.35,65.94,66.12,67.35,58.95,66.62,66.09
65.45,66.39,66.55,64.79,65.14,66.13,65.75,66.23,66.73,65.82,66.57,65.7,66.43,66.51,66.23,65.36,67.63,66.61,66.55,67.67,66.12,66.65,66.34,66.99,66.9,66.55,65.83,65.06,66.7,59.73,66.77,66.41,65.78,66.88,66.15,65.68,67.58,66.23,66.97,66.49,66.53,66.35,65.94,66.12,67.35,58.95,66.62,66.09
65.45,66.57,66.55,64.79,65.14,66.13,65.75,66.23,66.73,65.82,66.57,65.7,66.43,66.69,66.23,65.54,67.45,66.61,66.55,67.67,66.12,66.65,66.34,66.99,66.9,66.55,65.83,65.06,66.53,59.73,66.77,66.41,65.78,66.88,65.98,65.68,67.4,66.23,66.97,66.31,66.53,66.35,65.94,66.12,67.35,58.95,66.8,66.26
65.45,66.39,66.37,64.79,65.32,65.95,65.75,66.23,66.55,65.82,66.57,65.7,66.43,66.69,66.23,65.36,67.45,66.61,66.55,67.67,66.12,66.65,66.34,66.99,66.9,66.55,65.83,65.06,66.7,59.73,66.77,66.41,65.78,66.88,65.98,65.68,67.58,66.23,66.79,66.31,66.53,66.35,65.94,66.12,67.35,58.95,66.8,66.26
65.45,66.39,66.37,64.96,65.14,65.95,65.75,66.23,66.73,65.82,66.57,65.7,66.43,66.69,66.23,65.54,67.45,66.61,66.55,67.67,66.12,66.65,66.34,66.99,66.9,66.55,65.83,65.06,66.7,59.73,66.77,66.41,65.78,66.88,66.15,65.68,67.58,66.23,66.79,66.31,66.53,66.35,65.94,66.12,67.35,58.95,66.8,66.26
65.45,66.39,66.55,64.96,65.32,65.95,65.75,66.23,66.55,65.82,66.57,65.7,66.43,66.69,66.23,65.54,67.45,66.61,66.55,67.67,66.12,66.65,66.52,66.99,66.9,66.55,65.83,64.89,66.53,59.73,66.77,66.41,65.78,66.88,66.15,65.68,67.58,66.23,66.79,66.31,66.53,66.35,65.94,66.12,67.35,58.95,66.8,66.26
65.45,66.57,66.37,64.79,65.32,65.95,65.75,66.23,66.73,65.82,66.57,65.7,66.43,66.69,66.23,65.54,67.45,66.61,66.55,67.67,66.12,66.48,66.34,66.99,66.9,66.55,65.83,65.06,66.53,59.73,66.77,66.41,65.78,66.88,65.98,65.68,67.58,66.23,66.79,66.31,66.53,66.35,65.94,66.12,67.35,58.95,66.8,66.26
65.45,66.39,66.55,64.96,65.32,65.95,65.75,66.23,66.55,65.82,66.57,65.7,66.43,66.51,66.23,65.36,67.45,66.61,66.55,67.67,66.12,66.65,66.34,66.99,66.9,66.55,65.83,65.06,66.53,59.73,66.77,66.41,65.78,66.88,65.98,65.68,67.4,66.23,66.79,66.31,66.53,66.35,65.94,66.12,67.35,58.95,66.8,66.26
65.45,66.57,66.55,64.79,65.32,65.95,65.75,66.23,66.73,65.82,66.57,65.7,66.43,66.69,66.23,65.54,67.45,66.61,66.55,67.67,66.12,66.65,66.52,66.99,66.9,66.55,65.83,64.89,66.7,59.73,66.77,66.41,65.95,66.88,65.98,65.68,67.58,66.23,66.79,66.31,66.53,66.53,65.94,66.12,67.35,58.95,66.62,66.09
65.45,66.39,66.55,64.79,65.32,65.95,65.75,66.23,66.73,65.82,66.57,65.7,66.43,66.69,66.23,65.54,67.45,66.61,66.55,67.67,66.12,66.65,66.52,66.99,66.9,66.55,65.83,64.89,66.7,59.73,66.59,66.41,65.95,66.88,66.15,65.68,67.4,66.23,66.79,66.31,66.53,66.53,65.94,66.12,67.35,58.95,66.62,66.09
65.45,66.39,66.55,64.79,65.32,65.95,65.58,66.23,66.73,65.82,66.57,65.7,66.43,66.51,66.23,65.36,67.45,66.61,66.55,67.67,66.12,66.65,66.52,66.99,66.9,66.55,65.83,64.89,66.7,59.73,66.77,66.41,65.95,66.88,65.98,65.68,67.4,66.23,66.79,66.31,66.53,66.53,65.94,66.12,67.35,58.95,66.62,66.09
65.45,66.39,66.55,64.79,65.32,65.95,65.58,66.23,66.73,65.82,66.57,65.7,66.61,66.69,66.23,65.36,67.45,66.61,66.55,67.67,66.12,66.65,66.52,66.99,66.9,66.55,65.83,64.89,66.7,59.73,66.77,66.41,65.95,66.88,65.98,65.68,67.58,66.23,66.79,66.31,66.53,66.53,65.94,66.12,67.53,58.95,66.62,66.09
65.45,66.39,66.55,64.96,65.32,65.95,65.58,66.23,66.73,65.82,66.39,65.7,66.43,66.69,66.23,65.36,67.45,66.61,66.55,67.67,66.12,66.65,66.34,66.99,66.9,66.55,65.83,64.89,66.7,59.73,66.77,66.41,65.95,66.88,65.98,65.85,67.58,66.23,66.79,66.31,66.53,66.53,65.94,66.12,67.53,58.95,66.62,66.09
65.45,66.39,66.37,64.79,65.32,65.95,65.75,66.23,66.73,65.82,66.39,65.7,66.43,66.69,66.23,65.36,67.45,66.61,66.55,67.67,66.12,66.65,66.34,66.99,66.9,66.55,65.83,64.89,66.7,59.73,66.77,66.41,65.95,66.88,65.98,65.85,67.58,66.23,66.79,66.31,66.53,66.53,65.94,66.12,67.53,58.95,66.62,66.09
65.45,66.39,66.37,64.79,65.32,65.95,65.58,66.23,66.73,65.82,66.39,65.7,66.61,66.69,66.23,65.36,67.45,66.61,66.55,67.67,66.12,66.65,66.52,66.99,66.9,66.55,65.83,64.89,66.7,59.73,66.59,66.41,65.95,66.88,65.98,65.68,67.58,66.23,66.79,66.31,66.53,66.53,65.94,66.12,67.53,58.95,66.62,66.09
65.45,66.39,66.37,64.79,65.32,65.95,65.58,66.23,66.73,65.82,66.39,65.7,66.43,66.69,66.23,65.36,67.45,66.43,66.55,67.49,66.12,66.65,66.34,66.99,66.9,66.55,65.83,64.89,66.7,59.73,66.59,66.41,65.95,66.88,65.98,65.68,67.58,66.23,66.79,66.31,66.53,66.53,65.94,66.12,67.53,58.95,66.62,66.09
65.45,66.39,66.37,64.79,65.32,65.95,65.58,66.23,66.73,65.82,66.39,65.7,66.43,66.51,66.41,65.36,67.45,66.43,66.55,67.67,66.12,66.65,66.34,66.99,66.9,66.55,65.83,64.89,66.7,59.73,66.59,66.23,65.95,66.88,65.98,65.68,67.58,66.23,66.79,66.31,66.53,66.53,65.94,66.12,67.53,58.95,66.62,66.09
65.45,66.39,66.37,64.79,65.14,65.95,65.58,66.23,66.73,65.82,66.39,65.7,66.61,66.69,66.23,65.36,67.45,66.43,66.55,67.49,65.94,66.65,66.34,66.99,66.9,66.55,65.83,64.89,66.7,59.73,66.59,66.23,65.95,66.88,65.98,65.68,67.58,66.23,66.61,66.31,66.35,66.53,65.94,66.12,67.53,58.95,66.62,66.09
65.45,66.39,66.37,64.79,65.14,65.95,65.58,66.23,66.73,65.82,66.39,65.7,66.43,66.69,66.23,65.36,67.45,66.43,66.55,67.49,65.94,66.65,66.34,66.99,66.9,66.55,65.83,64.89,66.7,59.73,66.59,66.23,65.95,66.88,65.98,65.68,67.58,66.23,66.61,66.31,66.35,66.53,65.94,66.12,67.53,58.95,66.62,66.09
65.45,66.39,66.37,64.79,65.14,65.95,65.58,66.23,66.73,65.82,66.39,65.7,66.43,66.69,66.23,65.36,67.45,66.43,66.55,67.49,65.94,66.65,66.34,66.99,66.9,66.55,65.83,64.89,66.7,59.73,66.59,66.23,65.95,66.88,65.98,65.68,67.58,66.23,66.61,66.31,66.35,66.53,65.94,66.12,67.53,58.95,66.62,66.09
65.45,66.39,66.37,64.79,65.14,65.78,65.58,66.23,66.73,65.82,66.39,65.7,66.43,66.69,66.23,65.36,67.45,66.43,66.55,67.49,65.94,66.65,66.34,66.99,66.9,66.55,65.83,64.89,66.7,59.73,66.59,66.23,65.95,66.88,65.98,65.85,67.58,66.23,66.61,66.31,66.35,66.53,65.94,66.12,67.53,58.95,66.62,66.09
65.45,66.39,66.37,64.79,65.14,65.78,65.58,66.23,66.73,65.82,66.39,65.52,66.43,66.69,66.23,65.36,67.45,66.43,66.55,67.49,65.94,66.65,66.34,66.99,66.9,66.55,65.65,64.89,66.7,59.73,66.59,66.23,65.95,66.88,65.98,65.68,67.58,66.23,66.61,66.31,66.35,66.53,65.94,66.12,67.53,59.12,66.62,66.09
65.45,66.39,66.37,64.79,65.14,65.78,65.58,66.23,66.73,65.82,66.39,65.52,66.43,66.69,66.23,65.36,67.45,66.43,66.55,67.49,65.94,66.65,66.34,66.99,66.9,66.55,65.83,64.89,66.7,59.73,66.59,66.23,65.95,66.88,65.98,65.68,67.58,66.23,66.61,66.31,66.35,66.53,65.94,66.12,67.53,58.95,66.62,66.09
65.45,66.39,66.37,64.79,65.14,65.78,65.58,66.23,66.73,65.82,66.39,65.52,66.43,66.51,66.23,65.36,67.63,66.43,66.55,67.49,65.94,66.65,66.34,66.99,67.08,66.55,65.83,64.89,66.7,59.73,66.59,66.23,65.95,66.88,65.98,65.68,67.58,66.23,66.61,66.31,66.35,66.53,65.76,66.12,67.53,58.95,66.62,66.09
65.45,66.39,66.37,64.79,65.14,65.78,65.58,66.23,66.73,65.82,66.39,65.52,66.43,66.69,66.23,65.36,67.63,66.43,66.55,67.49,65.94,66.65,66.34,66.99,66.9,66.55,65.83,64.89,66.7,59.92,66.59,66.23,65.95,66.88,65.98,65.68,67.58,66.23,66.61,66.31,66.35,66.53,65.94,66.12,67.53,58.95,66.44,66.09
65.45,66.39,66.37,64.79,65.14,65.78,65.58,66.23,66.73,65.82,66.21,65.52,66.43,66.69,66.23,65.36,67.45,66.43,66.55,67.49,65.94,66.65,66.34,66.99,66.9,66.55,65.65,64.89,66.7,59.92,66.59,66.23,65.95,66.88,65.98,65.68,67.58,66.23,66.61,66.31,66.35,66.53,65.76,66.12,67.53,58.95,66.44,66.09
65.45,66.39,66.37,64.79,65.14,65.78,65.58,66.23,66.73,65.82,66.21,65.52,66.43,66.69,66.23,65.36,67.63,66.25,66.55,67.49,65.94,66.65,66.34,66.99,66.9,66.55,65.65,64.89,66.7,59.73,66.59,66.23,65.95,66.88,65.98,65.68,67.58,66.23,66.43,66.31,66.35,66.53,65.76,66.12,67.53,58.95,66.44,66.09
65.45,66.39,66.37,64.79,65.14,65.78,65.58,66.23,66.73,65.82,66.21,65.52,66.43,66.51,66.23,65.36,67.45,66.25,66.55,67.49,65.94,66.65,66.34,66.99,66.9,66.55,65.65,64.89,66.7,59.73,66.41,66.23,65.95,66.88,65.98,65.68,67.58,66.23,66.43,66.31,66.35,66.53,65.76,66.12,67.53,58.95,66.44,66.09
65.45,66.39,66.37,64.79,65.14,65.78,65.58,66.23,66.73,65.82,66.21,65.52,66.43,66.69,66.23,65.36,67.63,66.25,66.55,67.49,65.94,66.65,66.34,66.99,67.08,66.55,65.65,64.89,66.7,59.73,66.41,66.23,65.95,66.88,65.98,65.85,67.58,66.23,66.43,66.31,66.35,66.53,65.76,66.12,67.53,58.95,66.44,66.09
65.45,66.39,66.37,64.79,65.14,65.78,65.58,66.23,66.73,65.82,66.21,65.52,66.43,66.69,66.23,65.36,67.63,66.25,66.55,67.49,65.94,66.65,66.34,66.99,66.9,66.55,65.65,64.89,66.7,59.73,66.41,66.23,65.95,66.88,65.98,65.68,67.58,66.23,66.43,66.31,66.35,66.53,65.76,66.12,67.53,58.95,66.44,66.09
65.45,66.39,66.37,64.79,65.14,65.78,65.58,66.23,66.73,65.82,66.21,65.52,66.43,66.69,66.23,65.36,67.45,66.25,66.55,67.49,65.94,66.65,66.34,66.99,66.9,66.55,65.65,64.89,66.7,59.73,66.41,66.05,65.95,66.88,65.98,65.68,67.58,66.23,66.43,66.31,66.35,66.53,65.76,66.12,67.53,58.95,66.44,65.91
65.45,66.39,66.37,64.79,65.14,65.78,65.58,66.23,66.73,65.82,66.21,65.52,66.43,66.69,66.23,65.36,67.45,66.25,66.55,67.31,65.94,66.65,66.34,66.99,66.9,66.55,65.65,64.89,66.7,59.73,66.41,66.05,65.95,66.88,65.98,65.68,67.58,66.23,66.43,66.31,66.35,66.53,65.76,66.12,67.53,58.95,66.44,65.91
65.45,66.39,66.37,64.79,65.14,65.6,65.58,66.23,66.73,65.82,66.21,65.52,66.43,66.69,66.23,65.36,67.63,66.25,66.55,67.31,65.94,66.65,66.34,66.99,66.9,66.55,65.65,64.89,66.7,59.73,66.41,66.05,65.95,66.88,65.98,65.68,67.58,66.23,66.43,66.31,66.35,66.53,65.76,66.12,67.53,58.95,66.44,65.91
65.45,66.39,66.37,64.79,65.14,65.78,65.58,66.23,66.73,65.82,66.21,65.52,66.43,66.69,66.23,65.36,67.45,66.25,66.55,67.31,65.94,66.65,66.34,66.99,67.08,66.55,65.65,64.89,66.7,59.73,66.41,66.05,65.95,66.88,65.98,65.68,67.58,66.23,66.43,66.31,66.35,66.53,65.76,66.12,67.53,58.95,66.44,66.09
65.45,66.39,66.37,64.79,65.14,65.6,65.4,66.23,66.73,65.82,66.21,65.52,66.43,66.51,66.23,65.36,67.63,66.25,66.55,67.31,65.94,66.65,66.34,66.99,67.08,66.55,65.65,64.89,66.7,59.73,66.41,66.05,65.95,66.88,65.98,65.68,67.58,66.23,66.43,66.31,66.18,66.35,65.76,66.12,67.53,58.95,66.44,65.91
65.45,66.39,66.37,64.79,65.14,65.6,65.58,66.05,66.73,65.82,66.21,65.52,66.43,66.69,66.23,65.36,67.45,66.25,66.55,67.31,65.94,66.65,66.34,66.99,66.9,66.55,65.65,64.89,66.7,59.73,66.41,66.05,65.95,66.88,65.98,65.68,67.58,66.23,66.25,66.31,66.35,66.53,65.76,66.12,67.53,58.95,66.44,65.91
65.45,66.39,66.37,64.79,65.14,65.6,65.4,66.23,66.73,65.82,66.21,65.52,66.43,66.69,66.23,65.36,67.45,66.25,66.55,67.31,65.94,66.65,66.34,66.99,66.9,66.55,65.65,64.89,66.7,59.73,66.41,66.05,65.95,66.88,65.98,65.68,67.58,66.23,66.25,66.13,66.18,66.53,65.76,66.12,67.53,58.95,66.44,65.91
65.45,66.39,66.37,64.79,65.14,65.6,65.4,66.23,66.73,65.82,66.03,65.52,66.43,66.51,66.23,65.36,67.63,66.25,66.55,67.31,65.76,66.65,66.34,66.99,66.9,66.55,65.65,64.89,66.7,59.73,66.41,66.05,65.95,66.88,65.98,65.68,67.58,66.23,66.25,66.13,66.18,66.53,65.76,66.12,67.53,58.95,66.44,65.91
65.45,66.39,66.37,64.79,65.14,65.6,65.4,66.23,66.73,65.82,66.03,65.52,66.43,66.69,66.23,65.36,67.63,66.25,66.55,67.31,65.76,66.65,66.34,66.99,67.08,66.55,65.65,64.89,66.7,59.73,66.23,66.05,65.95,66.7,65.98,65.68,67.58,66.23,66.25,66.31,66.18,66.53,65.76,66.12,67.53,58.95,66.44,65.91
65.45,66.39,66.37,64.79,65.14,65.6,65.4,66.05,66.73,65.82,66.03,65.52,66.43,66.51,66.23,65.36,67.63,66.25,66.55,67.31,65.76,66.65,66.34,66.99,67.08,66.55,65.65,64.89,66.7,59.73,66.23,66.05,65.95,66.7,65.98,65.68,67.58,66.23,66.25,66.13,66.18,66.53,65.76,66.12,67.53,58.95,66.44,65.91
65.45,66.39,66.19,64.79,65.14,65.6,65.4,66.05,66.73,65.82,66.03,65.52,66.43,66.69,66.23,65.36,67.63,66.25,66.55,67.31,65.76,66.65,66.34,66.99,67.08,66.55,65.65,64.89,66.7,59.92,66.23,66.05,65.95,66.88,65.98,65.68,67.58,66.23,66.25,66.13,66.18,66.53,65.76,66.12,67.53,58.95,66.44,65.91
65.45,66.39,66.19,64.79,65.14,65.6,65.4,66.05,66.73,65.82,66.03,65.52,66.43,66.51,66.23,65.36,67.63,66.08,66.55,67.31,65.76,66.65,66.34,66.99,67.08,66.55,65.65,64.89,66.7,59.73,66.23,66.05,65.95,66.88,65.98,65.68,67.58,66.23,66.25,66.13,66.18,66.53,65.76,66.12,67.53,58.95,66.44,65.91
65.45,66.39,66.37,64.79,65.14,65.6,65.4,66.05,66.73,65.82,66.03,65.52,66.43,66.51,66.23,65.36,67.63,66.08,66.55,67.31,65.76,66.65,66.34,66.99,67.08,66.55,65.65,64.89,66.7,59.73,66.23,66.05,65.95,66.7,65.8,65.68,67.58,66.23,66.25,66.13,66.18,66.53,65.76,66.12,67.53,58.95,66.44,65.91
65.45,66.39,66.19,64.79,65.14,65.6,65.4,66.05,66.73,65.82,66.03,65.52,66.43,66.51,66.23,65.36,67.63,66.08,66.55,67.31,65.94,66.65,66.34,66.99,67.08,66.55,65.65,64.89,66.7,59.92,66.23,66.05,65.95,66.7,65.8,65.68,67.58,66.23,66.25,66.13,66.18,66.53,65.76,66.12,67.53,58.95,66.44,65.91
65.45,66.39,66.37,64.79,65.14,65.6,65.4,66.05,66.73,65.82,66.03,65.52,66.43,66.51,66.23,65.36,67.63,66.08,66.55,67.31,65.76,66.65,66.34,66.99,67.08,66.55,65.65,64.89,66.7,59.92,66.23,66.05,65.95,66.7,65.8,65.68,67.58,66.23,66.25,66.13,66.18,66.53,65.76,66.12,67.53,58.95,66.44,65.91
65.45,66.21,66.37,64.79,65.14,65.6,65.4,66.05,66.73,65.82,66.03,65.52,66.43,66.51,66.23,65.36,67.63,66.08,66.55,67.31,65.76,66.65,66.34,66.99,67.08,66.55,65.65,64.89,66.7,59.92,66.23,66.05,65.95,66.7,65.8,65.68,67.58,66.23,66.25,66.13,66.18,66.53,65.76,66.12,67.53,58.95,66.44,65.91
65.28,66.39,66.37,64.79,65.14,65.6,65.4,66.05,66.9,65.82,66.03,65.52,66.43,66.51,66.23,65.36,67.63,66.08,66.38,67.31,65.94,66.65,66.34,66.99,67.08,66.55,65.65,64.89,66.7,59.92,66.23,66.05,66.13,66.7,65.8,65.68,67.58,66.23,66.25,66.13,66.18,66.53,65.76,66.12,67.53,58.95,66.44,65.91
0,0,0,0,0,0,0,0,0,0,0,0,0,0,0,0,0,0,0,0,0,0,0,0,0,0,0,0,0,0,0,0,0,0,0,0,0,0,0,0,0,0,0,0,0,0,0,0
